ID,location,PropertyType,BHK,price
27402953,Ajmer Road,villa,3.0,15000
42876167,Vaishali Nagar,apartment,2.0,12000
34531255,Sez,apartment,3.0,15000
40699639,Bapu Nagar,builder floor apartment,4.0,49000
40210865,Pratap Nagar,villa,3.0,35000
39467015,M I Road,residential house,6.0,80000
41481737,Airport Road,service apartment,3.0,50000
33583259,Jagatpura,apartment,3.0,25000
33356203,Lalkothi,builder floor apartment,3.0,28000
42627083,Bajaj Nagar Enclave,apartment,3.0,30000
40256981,Sanganer,builder floor apartment,3.0,20000
41856771,Patrakar Colony,apartment,3.0,24000
40632715,Chitrakoot,residential house,3.0,25000
40909555,Khatipura,residential house,2.0,15000
41032215,Jagatpura,service apartment,2.0,11000
42855951,Vaishali Nagar,builder floor apartment,2.0,19000
23763687,Sirsi Road,apartment,4.0,17000
40361263,Bani Park,apartment,4.0,30000
31716151,Tonk Road,villa,3.0,18000
42772417,Vaishali Nagar,residential house,2.0,20000
42811263,Mansarovar,apartment,3.0,16000
42840647,Ajmer Road,residential house,1.0,12000
42705039,Jagatpura,builder floor apartment,2.0,12000
41410677,C-Scheme,apartment,4.0,55000
38901841,Pratap Nagar,apartment,3.0,30000
41398407,Ajmer Road,villa,3.0,18000
41994099,Gandhi Path,apartment,3.0,24000
40526939,Vaishali Nagar,apartment,2.0,14000
42564973,Vaishali Nagar,apartment,2.0,10000
42226903,Vaishali Nagar,builder floor apartment,2.0,18000
42909695,Mansarovar,residential house,2.0,10000
40649341,Ajmer Road,apartment,3.0,12000
42776209,Barkat Nagar,apartment,1.0,8900
41210557,Vaishali Nagar,residential house,2.0,16000
40832345,Jhotwara,residential house,2.0,11000
42781489,Vaishali Nagar,residential house,2.0,11500
20531879,Ajmer Road,apartment,2.0,8500
42501901,Malviya Nagar,residential house,2.0,18000
42347835,Ajmer Road,apartment,2.0,12000
41145571,Ajmer Road,residential house,2.0,13000
41975549,Jhotwara,residential house,3.0,11500
42897933,Vaishali Nagar,apartment,2.0,23000
39744477,Devi Nagar,apartment,3.0,14000
41614687,Janta Colony,residential house,3.0,35000
42052491,Jagatpura,villa,2.0,12500
42691025,Shyam Nagar,residential house,5.0,120000
33626949,Malviya Nagar,residential house,3.0,16000
32009071,Sirsi Road,apartment,3.0,15000
34908721,Civil Lines,residential house,3.0,50000
37001251,Jagatpura,residential house,3.0,15000
41310219,Niwaru Road,builder floor apartment,3.0,10500
42601683,Brahmapuri,residential house,2.0,9000
41966511,New Sanganare Road,apartment,1.0,13500
42630817,Gandhi Path,residential house,2.0,12000
41906719,Mansarovar Extension,apartment,3.0,20000
42495593,Heerapura,apartment,3.0,20000
32522123,Mansarovar,apartment,3.0,19000
40523711,Ajmer Road,apartment,3.0,13000
42391105,Malviya Nagar,residential house,2.0,17000
41611353,Patrakar Colony,apartment,3.0,17000
40515885,Jhotwara,builder floor apartment,3.0,12000
38312065,Siddharth Nagar,residential house,3.0,17000
22893627,Khatipura,apartment,2.0,9500
42146129,Malviya Nagar,residential house,6.0,60000
41382209,Airport Road,builder floor apartment,3.0,11000
40600135,Sez,apartment,3.0,17500
37936281,Jhotwara,apartment,2.0,10000
32017695,Mahaveer Nagar,villa,5.0,55000
42009227,Pratap Nagar,villa,5.0,40000
42866301,Chitrakoot,penthouse,3.0,19000
40841413,Civil Lines,residential house,2.0,30000
42760437,Malviya Nagar,builder floor apartment,1.0,12000
19873444,Nirman Nagar,residential house,2.0,16000
41372655,Ajmer Road,apartment,3.0,17000
40478683,Durgapura,residential house,4.0,35000
42071109,Vivek Vihar,villa,3.0,25000
37074139,Mahindra World City,apartment,3.0,13000
42036239,Mahaveer Nagar,residential house,2.0,16000
41902367,Durgapura,residential house,3.0,18500
41998433,Murlipura,residential house,2.0,15000
24671031,Dadi Ka Phatak,builder floor apartment,2.0,7500
39552005,Shyam Nagar,apartment,1.0,16000
41374427,Ajmer Road,villa,3.0,8000
27336191,Ajmer Road,apartment,2.0,10500
25371507,Bani Park,apartment,3.0,30000
41658111,Civil Lines,apartment,2.0,30000
40300613,Mansarovar Colony,residential house,2.0,11000
41838911,Gopal Pura By Pass,apartment,3.0,35000
41793337,Vaishali Nagar,apartment,2.0,13500
42419703,Sirsi Road,apartment,3.0,12000
42192589,Ajmer Road,apartment,3.0,11000
40828969,Mansarovar,apartment,3.0,16000
40854557,Jagatpura,villa,3.0,9500
40634853,Model Town,residential house,2.0,15000
41604007,Mansarovar,residential house,2.0,14000
26573463,Bani Park,builder floor apartment,1.0,12000
41053555,Niwaru Road,builder floor apartment,2.0,8500
39804103,Mansarovar,residential house,1.0,10000
33863665,Vaishali Nagar,apartment,2.0,19500
40213509,Mansarovar Extension,apartment,3.0,35000
40595229,Tonk Road,builder floor apartment,2.0,15000
41253233,Mansarovar,villa,3.0,15500
42547925,Kalwar Road,residential house,3.0,10000
41626839,Tonk Road,apartment,3.0,10000
23471029,Ajmer Road,apartment,2.0,12000
40584771,Kalwar Road,apartment,2.0,7000
42219999,Mansarovar Extension,apartment,2.0,11500
20597011,Mansarovar Extension,residential house,2.0,12500
40571199,Kalwar,villa,3.0,10000
34584855,Ajmer Road,apartment,2.0,10000
38944409,Mansarovar Extension,apartment,3.0,15000
39111577,Model Town,penthouse,1.0,8000
39940739,Bhawani Singh Rd,apartment,2.0,30000
41925665,Vatika Road,apartment,2.0,8000
40450447,Vaishali Nagar,residential house,2.0,16500
41868967,Mansarovar,apartment,3.0,35000
41553031,Mansarovar,builder floor apartment,3.0,20000
40174367,Mansarovar,residential house,1.0,13000
41853351,Swej Farm,apartment,3.0,20000
40698143,Jhotwara,residential house,3.0,9000
20063658,Jagatpura,apartment,3.0,13000
38220515,Sanganer,apartment,3.0,12000
42231495,Bapu Nagar,apartment,1.0,14000
28976789,Sitapura,residential house,3.0,12000
33222273,Bhankrota,apartment,1.0,7500
31756669,Taru Chhaya Nagar,residential house,2.0,10000
39062697,Niwaru Road,apartment,3.0,7500
42123781,Jawaharnagar,apartment,2.0,28000
42872829,New Sanganer Road,apartment,3.0,25000
31133027,Jagatpura,apartment,3.0,12000
42009797,Malviya Nagar,residential house,7.0,80000
42902295,Vaishali Nagar,apartment,3.0,40000
42855921,Chitrakoot,builder floor apartment,3.0,21000
34836383,Mansarovar,apartment,1.0,13000
42788517,C-Scheme,apartment,3.0,26000
35893347,Chitrakoot,builder floor apartment,3.0,15000
40897669,Mansarovar,apartment,3.0,27000
29131373,Lalkothi,builder floor apartment,3.0,27000
42824989,Nh 8,apartment,2.0,5000
42897671,Jagatpura,apartment,3.0,14000
20846351,Ajmer Road,apartment,4.0,70000
25203193,Malviya Nagar,residential house,2.0,12000
23806969,Gopal Bari,residential house,2.0,15000
41552025,Jagatpura,residential house,2.0,13200
27715127,Raja Park,apartment,2.0,14000
42889601,Vaishali Nagar,apartment,2.0,14990
42490065,Patrakar Colony,residential house,3.0,15000
37354971,Jagatpura,builder floor apartment,3.0,16000
40631305,Ajmer Road,apartment,3.0,14000
42842629,Bhankrota,builder floor apartment,4.0,27000
42805827,Mansarovar Extension,apartment,3.0,22000
37830423,Bapu Nagar,apartment,3.0,32000
40863347,Hanuman Nagar,residential house,2.0,12500
30990311,Malviya Nagar,builder floor apartment,3.0,22000
42570111,Vaishali Nagar,residential house,6.0,110000
42356969,Shyam Nagar,apartment,2.0,14000
23078747,Bani Park,apartment,2.0,14000
40112077,Jagatpura,builder floor apartment,1.0,12500
42657211,Raja Park,builder floor apartment,3.0,28000
41465835,Malviya Nagar,builder floor apartment,2.0,18000
35850117,C-Scheme,apartment,3.0,35000
42373397,Jagatpura,builder floor apartment,2.0,12000
42888171,Pratap Nagar,apartment,2.0,10000
42926813,Mansarovar Extension,apartment,3.0,13000
41443499,Lalkothi,apartment,1.0,18000
42840837,Vaishali Nagar,apartment,3.0,15000
38291599,Jagatpura,apartment,2.0,16000
42827621,Civil Lines,apartment,3.0,25000
36282045,Nirman Nagar,residential house,10.0,80000
35182651,Mahaveer Nagar,builder floor apartment,3.0,18000
42871197,Nirman Nagar,apartment,3.0,23000
41935469,C-Scheme,apartment,3.0,28000
42484479,C-Scheme,apartment,3.0,28000
41675815,Pratap Nagar,residential house,2.0,8500
42783313,Mansarovar Extension,apartment,3.0,25000
38738547,Malviya Nagar,apartment,2.0,12000
42805663,Mansarovar,apartment,2.0,13000
33308283,Pratap Nagar,villa,3.0,35000
42730761,Vaishali Nagar,apartment,2.0,28000
40561505,Vaishali Nagar,apartment,4.0,40000
42729481,Raja Park,apartment,2.0,17000
40746165,Ajmer Road,apartment,3.0,18000
40850697,Vaishali Nagar,residential house,2.0,11500
35250813,Vaishali Nagar,builder floor apartment,3.0,24000
41238205,Jagatpura,apartment,3.0,13000
38478683,Vaishali Nagar,apartment,1.0,9200
41753175,Vaishali Nagar,apartment,3.0,20000
28952963,Ajmer Road,residential house,3.0,9000
30395851,Mansarovar,apartment,2.0,14500
42705789,Vaishali Nagar,residential house,1.0,8000
28767883,Pratap Nagar,apartment,1.0,10000
34595431,Chitrakoot,builder floor apartment,2.0,12000
25819535,Civil Lines,residential house,6.0,54000
41871135,Mansarovar,apartment,3.0,16800
42631571,Raja Park,builder floor apartment,2.0,15000
41635507,Tonk Road,apartment,3.0,40000
42266071,Civil Lines,residential house,1.0,15000
14467486,Durgapura,residential house,5.0,35000
35066183,Jagatpura,apartment,2.0,16000
33356681,Jagatpura,apartment,1.0,16000
30770223,Jagatpura,builder floor apartment,3.0,14000
40560799,Vaishali Nagar,apartment,2.0,17500
41057657,Nirman Nagar,builder floor apartment,2.0,15000
30914929,C-Scheme,apartment,3.0,27000
42288493,Jagatpura,apartment,3.0,24000
42515235,Chitrakoot,apartment,3.0,20000
39062227,Malviya Nagar,residential house,1.0,8000
41929025,Siddharth Nagar,builder floor apartment,2.0,8000
41332231,Malviya Nagar,builder floor apartment,3.0,30000
41701377,Nirman Nagar,builder floor apartment,2.0,13000
42738627,C-Scheme,apartment,3.0,18000
42067955,Sanganer,builder floor apartment,3.0,9000
20419659,22 Godam,apartment,3.0,20000
40231067,Jagatpura,penthouse,4.0,35000
40740069,Milap Nagar,residential house,3.0,16500
41019995,Mansarovar Extension,apartment,2.0,15000
40879309,Kalwar,residential house,3.0,11000
40090279,Himmatnagar,residential house,1.0,11000
41452243,Ajmer Road,apartment,3.0,14000
36669499,Nirman Nagar,apartment,3.0,35000
37247869,Sikar Road,builder floor apartment,2.0,12000
27132837,Vinoba Vihar,apartment,2.0,11500
42003401,Jagatpura,villa,3.0,15000
42080915,C-Scheme,apartment,3.0,25000
35926229,Mansarovar,apartment,2.0,20000
36590751,Niwaru Road,apartment,3.0,9000
41121653,Niwaru Road,apartment,3.0,11000
41512189,Mansarovar,residential house,3.0,25000
41327639,Hanuman Nagar,residential house,2.0,11000
40999827,Mansarovar,apartment,3.0,25000
41379375,Ajmer Road,residential house,2.0,13000
28799205,Jagatpura,builder floor apartment,2.0,12000
41933443,Murlipura,apartment,3.0,11000
40819131,Govindpura,residential house,3.0,8000
42234241,Nandpuri,residential house,3.0,12000
25884191,Chitrakoot,residential house,3.0,17000
37370599,Pratap Nagar,residential house,3.0,25000
41643559,Jagatpura,apartment,2.0,19000
17478168,Gopal Pura By Pass,residential house,2.0,18000
41693299,Jagatpura,apartment,3.0,17000
41451445,Murlipura,residential house,3.0,18000
42091899,Ajmer Road,apartment,3.0,10000
42112723,Vaishali Nagar,apartment,3.0,24000
33536231,Bani Park,apartment,4.0,50000
40629947,Pratap Nagar,apartment,3.0,20000
41590613,Jagatpura,apartment,2.0,14000
40687753,Pratap Nagar,builder floor apartment,3.0,14000
26269471,Vasundhara,residential house,4.0,15000
41820339,C-Scheme,builder floor apartment,2.0,25000
41463165,Sirsi Road,builder floor apartment,3.0,11000
42859571,Mansarovar,residential house,2.0,12000
42678009,Vaishali Nagar,residential house,3.0,21000
39045629,Muktanand Nagar,residential house,2.0,22000
42342831,Arjun Nagar,residential house,2.0,12000
42584619,Malviya Nagar,builder floor apartment,3.0,20000
42319681,Vaishali Nagar,apartment,2.0,12000
18127756,Jagatpura,apartment,3.0,12000
42438209,Sirsi Road,apartment,2.0,10000
42287687,Bapu Nagar,apartment,3.0,35000
41925117,Vaishali Nagar,apartment,3.0,16000
41781783,New Sanganer Road,residential house,2.0,12000
20103406,Pratap Nagar,apartment,3.0,13500
41357431,Jagatpura,apartment,3.0,24000
41914375,Bhankrota,apartment,2.0,10500
16073093,Civil Lines,apartment,2.0,26000
41901493,Jagatpura,apartment,2.0,13000
42088753,Jagatpura,apartment,2.0,17500
42034795,Ajmer Road,builder floor apartment,2.0,14999
34619741,Ajmer Road,apartment,3.0,8000
41546157,Ajmer Road,apartment,3.0,18000
38407751,Ajmer Road,builder floor apartment,3.0,16000
42609459,Mansarovar,apartment,3.0,26000
36294311,Ajmer Road,villa,3.0,15000
42069467,Sez,villa,3.0,10000
41513905,Mahindra World City,apartment,3.0,12000
41695411,Lalarpura,apartment,4.0,28000
19798899,Chitrakoot,builder floor apartment,4.0,20000
42912407,Vaishali Nagar,apartment,2.0,9500
42779517,Padmawati Colony,apartment,3.0,14000
41533977,Mansarovar,apartment,2.0,17000
41545755,Narayan Vihar,builder floor apartment,3.0,12000
22363921,Sikar Road,apartment,3.0,15000
39444871,Vatika Road,apartment,2.0,12000
17158651,Jagatpura,residential house,3.0,17000
41914233,Sirsi Road,residential house,3.0,10000
37616959,Parsvnath Narayan City,apartment,3.0,15000
42908353,Vinoba Basti,residential house,1.0,13000
42910109,Bani Park,apartment,3.0,37000
30765239,Rani Sati Nagar,apartment,1.0,20000
33225983,Mansarovar,residential house,2.0,10000
18099536,Jagatpura,apartment,3.0,13500
27832731,Ajmer Road,apartment,2.0,15000
15222346,Sikar Road,residential house,2.0,9000
42906803,Saraswati Nagar,apartment,2.0,11000
42908307,Nirman Nagar,residential house,3.0,18000
42895859,Mansarovar Extension,apartment,2.0,12000
27363875,Mansarovar,apartment,3.0,16500
42906475,Sirsi Road,apartment,4.0,25984
42884461,Mansarovar Extension,apartment,3.0,16500
42919505,Patrakar Colony,apartment,2.0,10000
42918009,Mansarovar,apartment,3.0,25000
34245501,Civil Lines,residential house,3.0,15000
42773585,Shyam Nagar,residential house,3.0,25000
22028059,Jagatpura,apartment,3.0,13000
35863617,Gopal Pura By Pass,residential house,4.0,55000
18615587,Mahindra World City,villa,3.0,9000
31830751,Ajmer Road,apartment,3.0,18000
36802279,Ajmer Road,villa,3.0,10000
32011691,Saraswati Nagar,builder floor apartment,3.0,14000
41545817,22 Godam,residential house,4.0,20000
42861997,Gandhi Path,residential house,2.0,11000
42878943,Vaishali Nagar,apartment,2.0,11000
42866899,Pratap Nagar,apartment,1.0,12000
34758469,Ajmer Road,villa,3.0,12000
41805137,Vaishali Nagar,residential house,2.0,14499
41471963,Indira Gandhi Nagar,apartment,3.0,10000
41605719,Sez,apartment,3.0,12000
42791643,Mansarovar,residential house,2.0,18000
39272909,Ajmer Road,villa,3.0,15000
15241454,Bani Park,apartment,3.0,16000
42299481,Tonk Road,apartment,3.0,13500
41158711,Ajmer Road,apartment,3.0,11724
31346471,Ajmer Road,builder floor apartment,3.0,13000
42149505,Jagatpura,villa,3.0,25000
41713777,Jawaharnagar,apartment,2.0,18000
41590829,Sitapura Industrial Area,apartment,2.0,12000
41514677,Indira Gandhi Nagar,apartment,3.0,10000
39272941,Barkat Nagar,residential house,3.0,25000
40133761,Bani Park,apartment,3.0,45000
42766419,Rani Sati Nagar,apartment,3.0,17000
42727203,Gopal Pura By Pass,residential house,3.0,25000
42721059,Swej Farm,apartment,2.0,13000
42627523,Pratap Nagar,residential house,2.0,15000
39272883,Sirsi Road,builder floor apartment,3.0,15000
41636461,Jagatpura,residential house,3.0,15000
42320471,Sikar Road,residential house,3.0,15000
42563885,Jhotwara,apartment,2.0,12000
42624113,Tonk Road,residential house,1.0,20000
42617043,Barmeeji Colony,residential house,2.0,10000
42618563,Jagatpura,apartment,2.0,12000
42289147,Surya Nagar,apartment,2.0,22000
42525409,Tonk Road,residential house,3.0,25000
42540461,Gopal Bari,residential house,2.0,12500
42194401,Ajmer Road,apartment,3.0,16000
42315911,New Sanganare Road,residential house,2.0,13000
41383839,Jhotwara,residential house,4.0,30000
42393585,Ajmer Road,apartment,3.0,15000
42448847,Sanjay Colony,residential house,2.0,10500
42402225,Nh 8,service apartment,10.0,300000
42157763,Sirsi Road,apartment,3.0,16500
42470667,Vishwakarma Industrial Area,residential house,1.0,7000
42419987,Ajmer Road,apartment,2.0,12000
42653711,Khatipura,residential house,2.0,15000
42614021,Gopal Pura By Pass,residential house,3.0,30000
41160965,Jyoti Nagar,apartment,2.0,20000
35038269,Bani Park,apartment,3.0,20000
42154379,Mansarovar,apartment,3.0,25000
41901501,Pratap Nagar,residential house,3.0,16000
42392811,Imli Phatak,apartment,3.0,22000
36695117,Durgapura,residential house,2.0,17000
42276693,Nandpuri,builder floor apartment,3.0,18000
41794323,Maruti Nagar,villa,2.0,15000
41705599,Patrakar Colony,apartment,3.0,20000
34020719,Tonk Road,residential house,1.0,9900
30856963,Ajmer Road,apartment,3.0,15000
36289593,Chitrakoot,residential house,3.0,17000
42421431,Shantinagar,residential house,2.0,15000
42244377,Jagatpura,residential house,2.0,15000
41674303,Raja Park,residential house,2.0,28000
42638927,New Atish Market,residential house,4.0,25000
42696203,Sanganer,apartment,3.0,15000
37191875,Nh 8,apartment,3.0,7500
42534641,Kalwar Road,residential house,2.0,90000
41708407,Ajmer Road,apartment,3.0,20000
42033375,Sez,apartment,2.0,15000
28799353,Swej Farm,apartment,4.0,30000
42264257,Agrasen Nagar,residential house,2.0,14000
42581491,Murlipura,apartment,2.0,11000
42571923,Jaisinghpura,villa,3.0,15000
42558459,Shri Gopal Nagar,apartment,2.0,13500
35014073,Vatika Road,villa,3.0,16500
39734039,Sanganer Road,apartment,3.0,13000
42290559,Prithvi Raj Nagar,residential house,1.0,12000
42379527,Jagatpura,builder floor apartment,3.0,14500
42321449,Heerapura,residential house,3.0,11000
20239041,Sanganer Road,apartment,3.0,15000
41714099,Kalwar Road,builder floor apartment,4.0,20000
42383229,Gopal Pura By Pass,residential house,2.0,25000
42071939,Bani Park,residential house,2.0,15000
42367471,Gandhi Path,villa,1.0,12500
41978175,Ajmer Road,apartment,2.0,10000
42292411,Sanganer,residential house,1.0,10000
41572585,Sanganer,apartment,3.0,17000
39927385,Sanganer,residential house,3.0,20000
42469735,Mansarovar Extension,apartment,3.0,17000
35070161,Sirsi Road,apartment,3.0,14000
38447413,Swej Farm,apartment,2.0,20000
12025305,Jagatpura,apartment,2.0,15000
23396093,Ajmer Road,apartment,3.0,15000
42059785,Mahindra World City,apartment,3.0,15000
42418959,Nandpuri,residential house,3.0,22000
42049203,Jagatpura,residential house,3.0,15000
42348397,Sikar Road,residential house,2.0,18000
42073799,Sirsi Road,apartment,3.0,11000
34761149,Ajmer Road,villa,3.0,12000
41921899,Vidyadhar Nagar,apartment,3.0,21000
36391125,Ajmer Road,apartment,3.0,8000
24227711,Ajmer Road,apartment,3.0,9000
42046851,Khatipura,residential house,3.0,35000
42270613,Nandpuri,residential house,5.0,38000
42291475,Vaishali Nagar,residential house,2.0,18000
42100997,Jagatpura,apartment,2.0,15000
41874763,Maharana Pratap Circle Road,apartment,3.0,40000
42300481,Ajmer Road,apartment,3.0,15000
41823373,Ajmer Road,apartment,3.0,14000
34310155,Jaisinghpura,villa,3.0,12000
41748165,Sirsi Road,apartment,3.0,16500
42089447,New Sanganer Road,residential house,1.0,25000
26646555,Ajmer Road,villa,3.0,11396
42014223,Lalarpura,builder floor apartment,4.0,28000
41789173,Ajmer Road,apartment,3.0,11000
33498875,Ajmer Road,apartment,2.0,12000
41774359,Pratap Nagar,residential house,3.0,16000
42727813,Pratap Nagar,residential house,1.0,11000
27694275,Tonk Road,apartment,3.0,40000
42769109,Jagatpura,apartment,3.0,18000
42726489,Jagatpura,apartment,2.0,13000
42054783,Jawahar Circle,residential house,2.0,20000
20608123,Mahatma Gandhi Nagar,apartment,2.0,12000
25067503,Pratap Nagar,apartment,2.0,18000
17696552,Kalwar Road,villa,3.0,12500
35309347,Mangal Vihar,residential house,3.0,18500
42629393,Jawahar Circle,residential house,2.0,20000
42616889,Bindayaka,apartment,2.0,9500
42198899,Goner Road,apartment,2.0,12000
42463887,New Sanganer Road,villa,2.0,21000
34433175,Mansarovar,villa,4.0,130000
42212469,Jp Colony,apartment,2.0,18000
42195111,Saraswati Nagar,residential house,1.0,15000
42334277,Mansarovar,apartment,3.0,16000
42464991,Ajmer Road,apartment,3.0,15000
40555067,Pratap Nagar,residential house,2.0,18000
39799091,Ajmer Road,apartment,2.0,11000
19598265,Chandpol Gate,builder floor apartment,2.0,18000
42887029,Sikar Road,residential house,2.0,11500
41899977,Kalwar Road,villa,3.0,22000
41933601,Shiv Shakti Nagar,apartment,3.0,18000
41778681,Gopalwari,residential house,2.0,12000
41880119,Ajmer Road,villa,2.0,12000
26857379,Jhotwara,residential house,2.0,20000
21295755,Ajmer Road,apartment,3.0,15000
37249197,Omaxe City,residential house,8.0,35000
42774401,Machwa,apartment,3.0,9000
42801895,Malviya Nagar,residential house,3.0,20000
42067683,Benar Road,residential house,2.0,10000
42546217,Niwaru Road,apartment,2.0,12000
31662883,Ajmer Road,apartment,3.0,15000
39363777,Ajmer Road,apartment,3.0,25000
14628893,Ajmer Road,villa,3.0,22000
41681973,Vatika Road,apartment,2.0,10000
41642523,Heerapura,residential house,2.0,15000
41896159,Niwaru Road,service apartment,3.0,9000
42044231,Sachivalaya Nagar,apartment,3.0,18000
41701037,Mansarovar,residential house,2.0,12500
41580383,Kartarpur,residential house,2.0,11000
42792615,Murlipura,residential house,2.0,10000
42783015,Patrakar Colony,apartment,3.0,15000
27585109,Murlipura,builder floor apartment,2.0,8500
42815693,Mansarovar Extension,apartment,1.0,15500
42780015,Vaishali Nagar,apartment,3.0,11500
42802867,Pratap Nagar,residential house,3.0,11000
35901793,Mansarovar,apartment,3.0,16000
42801491,Vidyadhar Nagar,residential house,2.0,9000
42833813,C-Scheme,apartment,3.0,36000
42878635,Nemi Nagar,residential house,3.0,10000
42774009,Shri Gopal Nagar,apartment,3.0,16000
41195405,Vatika Road,villa,3.0,15000
26842717,Mansarovar,builder floor apartment,3.0,16000
26163259,Jagatpura,residential house,2.0,18000
42244413,Pratap Nagar,residential house,3.0,25000
42727715,Vaishali Nagar,residential house,2.0,16000
41549411,Bani Park,builder floor apartment,3.0,30000
42765381,Pratap Nagar,residential house,2.0,12500
41351841,Kanak Vihar,apartment,3.0,11000
41621909,Ajmer Road,villa,3.0,8500
41654175,Malviya Nagar,villa,2.0,23500
40363755,Amer,hostel,10.0,60000
42640225,Bhankrota,apartment,2.0,9500
34522979,Nh 8,apartment,3.0,8000
22362807,Gandhi Path,residential house,2.0,8000
42834331,Tonk Road,apartment,2.0,10000
39738337,Ajmer Road,apartment,3.0,20000
40244573,Bagru,apartment,3.0,17000
42856649,Kanak Vihar,residential house,3.0,12000
36744037,Civil Lines,residential house,2.0,20000
27720239,Tonk Road,villa,6.0,25000
41568647,Sikar Road,apartment,3.0,31000
41858221,Ajmer Road,apartment,3.0,18000
41671857,Model Town,residential house,3.0,23000
27201979,Triveni,residential house,2.0,12500
42750211,Shyam Nagar,apartment,2.0,20000
42763885,Sanganer,apartment,2.0,12000
42764521,Niwaru Road,apartment,2.0,8000
42769229,Jagatpura,builder floor apartment,3.0,18000
42816755,Jagatpura,apartment,3.0,22000
42621591,Patrakar Colony,apartment,2.0,13000
20167203,Gopal Pura By Pass,residential house,2.0,20000
42243523,Kalwar Road,apartment,3.0,7500
42528705,New Sanganare Road,apartment,2.0,15000
42525771,Vaishali Nagar,residential house,2.0,16000
42541361,Jagatpura,apartment,3.0,17000
42411349,Benar Road,apartment,2.0,7500
36518319,Jagatpura,villa,1.0,12000
42794869,Malviya Nagar,residential house,3.0,20000
42311577,Narayan Vihar,apartment,3.0,10000
42441321,Ajmer Road,penthouse,4.0,60000
42490907,Ajmer Road,apartment,2.0,13000
42500209,Omaxe City,apartment,3.0,9999
34378951,Ajmer Road,apartment,3.0,8000
42149413,Civil Lines,residential house,3.0,12000
41896145,Niwaru Road,apartment,3.0,8000
42930521,Nirman Nagar,villa,2.0,25000
42916907,Bani Park,apartment,2.0,16000
42598989,Chitrakoot,residential house,3.0,15000
42622099,New Sanganer Road,apartment,2.0,11000
42615249,Ajmer Road,apartment,2.0,10000
36549261,Bapu Nagar,apartment,3.0,100000
42461713,Jagatpura,residential house,3.0,15000
42448793,Kartarpur,apartment,2.0,16000
42579689,Jhotwara,residential house,2.0,8500
42573309,Jagatpura,apartment,2.0,16000
28272565,Sirsi Road,apartment,2.0,10000
42511003,Mansarovar,apartment,3.0,30000
42065135,Chitrakoot,residential house,1.0,9000
41818839,Sanganer,builder floor apartment,3.0,16000
41871937,Ajmer Road,residential house,3.0,12000
41687905,Jagatpura,apartment,2.0,15000
42661321,Mahaveer Nagar,residential house,3.0,16500
42724931,Khatipura,residential house,2.0,12000
42698663,Civil Lines,apartment,3.0,22000
42726047,Vaishali Nagar,apartment,3.0,23000
28270941,Raja Park,apartment,3.0,20000
42724481,Devi Nagar,residential house,3.0,20000
22540165,Kasturba Nagar,apartment,2.0,8000
42755175,Pratap Nagar,residential house,2.0,12000
33525175,Ajmer Road,villa,3.0,10000
42630751,Model Town,residential house,2.0,13000
18434121,Ajmer Road,builder floor apartment,3.0,11000
36216639,Jagatpura,apartment,2.0,12000
42661213,Mansarovar,residential house,2.0,15000
42597141,Vaishali Nagar,apartment,2.0,25000
42655875,C-Scheme,apartment,3.0,35000
42394679,Sirsi Road,apartment,3.0,12500
42509809,C-Scheme,residential house,5.0,32000
18750755,Tagore Nagar,residential house,2.0,15000
42447645,Gopal Pura By Pass,residential house,6.0,200000
42460943,Omaxe City,apartment,2.0,15000
42398089,Model Town,residential house,3.0,13000
42722043,Siddharth Nagar,builder floor apartment,3.0,18000
42546435,Vaishali Nagar,builder floor apartment,2.0,22000
42556569,Shyam Nagar,residential house,6.0,40000
42752367,Murlipura,builder floor apartment,2.0,12000
41556133,Gopal Pura By Pass,residential house,2.0,16000
42349051,Lalarpura,residential house,2.0,8500
40583263,Vaishali Nagar,apartment,3.0,11000
31326607,Pratap Nagar,apartment,3.0,10000
39195559,Malviya Nagar,residential house,5.0,50000
42161695,Doctors Colony,apartment,2.0,12000
42643399,Ambabari Colony,apartment,2.0,13000
41174097,Vaishali Nagar,residential house,2.0,16000
36308291,Mansarovar,residential house,2.0,20000
40947057,Mansarovar Extension,residential house,2.0,11000
27765143,Jagatpura,apartment,3.0,15000
41030641,Greater Vidhyadhar Nagar,apartment,3.0,18000
41654911,Model Town,builder floor apartment,2.0,15000
41861443,Chitrakoot,residential house,2.0,10000
28932333,Sanganer Road,apartment,3.0,16000
40549915,Jhotwara,residential house,2.0,10000
42346827,New Sanganer Road,apartment,3.0,14000
42787095,Civil Lines,builder floor apartment,2.0,9500
37957155,Niwaru Road,residential house,2.0,8500
42930591,Mansarovar Extension,residential house,3.0,10000
42779921,Vidyadhar Nagar,apartment,3.0,15000
41996629,Pratap Nagar,apartment,2.0,15000
39850927,Bapu Nagar,apartment,3.0,30000
42486995,Ram Nagar,residential house,2.0,15000
42650321,Meenawala,residential house,1.0,5000
42104029,C-Scheme,residential house,6.0,170000
31298293,Mahesh Nagar,apartment,3.0,18000
42507195,Malviya Nagar,builder floor apartment,2.0,12500
42684591,Vidyut Nagar,builder floor apartment,3.0,18500
33135139,Raja Park,residential house,2.0,15000
28271165,Durgapura,residential house,3.0,16000
32007527,Vinoba Vihar,residential house,3.0,18000
42905311,Malviya Nagar,builder floor apartment,2.0,15000
42924927,Tilaknagar,apartment,3.0,35000
42909683,Mansarovar,villa,3.0,15000
41293489,Malviya Nagar,villa,4.0,45000
41570695,Patrakar Colony,apartment,2.0,12000
40339741,Mansarovar,apartment,3.0,30000
42899607,Tilaknagar,apartment,3.0,35000
21990391,Civil Lines,builder floor apartment,2.0,10000
15709957,Jagatpura,residential house,3.0,11000
28048819,Sodala,apartment,2.0,9000
42673723,Mahaveer Nagar,apartment,2.0,12500
28178377,Vaishali Nagar,residential house,2.0,24000
41997319,Shantinagar,builder floor apartment,2.0,12000
41941391,Vaishali Nagar,residential house,1.0,9000
41847061,Tagore Nagar,apartment,2.0,14000
42105651,Nirman Nagar,apartment,3.0,26000
41058225,Jagatpura,residential house,4.0,25000
33301051,Pratap Nagar,apartment,3.0,10000
42430139,Arjun Nagar,apartment,2.0,12000
33999469,Chitrakoot,residential house,2.0,12000
41449683,Sodala,residential house,2.0,12000
42921565,Jagatpura,apartment,1.0,10000
41707681,C-Scheme,apartment,3.0,28000
17967587,C-Scheme,hostel,9.0,4500
29341925,Jhotwara,residential house,2.0,9500
23506973,Jagatpura,apartment,2.0,13000
42194191,Hanuman Nagar,builder floor apartment,2.0,15000
42044157,Vaishali Nagar,apartment,3.0,20000
41892553,Vaishali Nagar,apartment,3.0,25000
41975855,Chitrakoot,apartment,2.0,17000
39474495,Vivek Vihar,residential house,2.0,15000
39347705,Jhotwara,builder floor apartment,3.0,11000
41857511,Jagatpura,residential house,2.0,10000
17529004,Mahapura Colony,villa,3.0,10000
41556879,Jagatpura,villa,3.0,14500
41993721,Bani Park,apartment,3.0,17000
41995007,Model Town,apartment,3.0,15000
41854263,Jagatpura,apartment,2.0,15500
27301161,Durgapura,residential house,4.0,30000
41903051,Mansarovar,residential house,3.0,14000
40385765,Chitrakoot,apartment,3.0,13000
42242053,Malviya Nagar,apartment,2.0,22500
42003609,Chitrakoot,apartment,3.0,22000
42731189,Jagatpura,builder floor apartment,4.0,12000
42750463,Maruti Nagar,residential house,3.0,30000
30263185,Ambabari Colony,hostel,10.0,5000
41571435,Mansarovar,apartment,3.0,17000
34864343,Omaxe City,apartment,3.0,8500
42651521,Vaishali Nagar,apartment,2.0,10000
42596681,Malviya Nagar,apartment,1.0,16000
42622631,Vaishali Nagar,apartment,2.0,25000
42328055,Mansarovar,residential house,3.0,12000
42381751,Mansarovar,residential house,2.0,12500
42177075,Malviya Nagar,apartment,2.0,16000
42175885,Raja Park,residential house,1.0,8500
42346015,C-Scheme,apartment,4.0,50000
42400375,Bhairav Nagar,residential house,2.0,11000
42344511,Vaishali Nagar,residential house,2.0,15000
42283377,Jagatpura,apartment,3.0,16000
42516669,Mansarovar,apartment,2.0,8500
42445817,Jhotwara,apartment,2.0,8500
42134885,Mansarovar,residential house,2.0,13500
41815809,Sirsi Road,apartment,2.0,7500
41711151,Sirsi Road,builder floor apartment,2.0,6000
42035841,Jagatpura,villa,3.0,9000
41949133,Omaxe City,apartment,2.0,5000
42005441,Niwaru Road,apartment,3.0,8000
41941909,Goner Road,residential house,2.0,8500
42154705,Kalwar Road,apartment,2.0,4700
42019229,Malviya Nagar,apartment,1.0,12000
41792597,Ram Nagar,apartment,2.0,12000
41375759,Jagatpura,apartment,2.0,8000
40367737,Sirsi Road,residential house,2.0,5500
40875589,Mansarovar Extension,apartment,2.0,11000
41651663,Chitrakoot,apartment,2.0,12000
41570401,Civil Lines,apartment,3.0,30000
41643511,Jagatpura,apartment,2.0,18000
41214347,Tonk Fatak,apartment,1.0,5000
41563607,Durgapura,apartment,2.0,13000
41661177,Vaishali Nagar,residential house,1.0,11000
41681349,Chitrakoot,builder floor apartment,5.0,25000
41667627,Chitrakoot,residential house,2.0,10000
41687357,Mahindra World City,apartment,2.0,7500
41289405,Moti Doongri Rd,apartment,2.0,15000
33010157,Malviya Nagar,apartment,2.0,12000
40489997,Raja Park,residential house,1.0,10000
42829337,Pratap Nagar,villa,1.0,6000
40235761,Mansarovar,residential house,3.0,12000
33962123,Vaishali Nagar,apartment,2.0,15000
40770495,Kanak Vihar,apartment,2.0,8500
27877551,Bapu Nagar,apartment,2.0,18000
41547675,Ajmer Road,apartment,3.0,10000
41580039,Jagatpura,service apartment,3.0,8000
42926255,Mansarovar Colony,residential house,2.0,8500
42757669,Bani Park,residential house,2.0,8500
42619777,Mansarovar,residential house,2.0,12000
41977153,Jagatpura,apartment,3.0,20000
13727401,Ajmer Road,residential house,2.0,7500
12056690,Malviya Nagar,residential house,3.0,23000
41705589,Naya Khoda,apartment,1.0,8000
42112285,Saraswati Nagar,residential house,8.0,40000
42016075,Bhawani Singh Rd,residential house,2.0,8500
42168081,Doctors Colony,residential house,2.0,18000
26119593,Malviya Nagar,residential house,2.0,15000
41764673,Jhotwara,apartment,3.0,15000
29082299,Chitrakoot,residential house,3.0,25000
42021425,Patrakar Colony,villa,2.0,12000
41692499,Murlipura,villa,3.0,14000
41548335,Mansarovar Extension,residential house,3.0,20000
34619241,Durgapura,apartment,3.0,30000
41881637,Vishwakarma Industrial Area,builder floor apartment,1.0,7500
42219583,Murlipura,apartment,3.0,11500
42903915,Gopalpura,residential house,2.0,15000
32550885,Niwaru Road,apartment,2.0,8000
42893537,Bapu Nagar,apartment,3.0,26000
42893189,Mansarovar,residential house,1.0,3600
17259973,Civil Lines,residential house,3.0,60000
27127517,Mansarovar Colony,residential house,2.0,12000
42906303,Keshavnagar,residential house,1.0,7000
21466943,Vidyadhar Nagar,apartment,3.0,15000
42881427,Sirsi Road,builder floor apartment,3.0,12000
42907007,Mansarovar Extension,residential house,2.0,7500
11129642,Sanganer,builder floor apartment,2.0,8500
12256291,Kalwar Road,residential house,2.0,6000
16075088,Jagatpura,builder floor apartment,3.0,14000
42931351,Jagatpura,apartment,3.0,25000
20099114,Khatipura,residential house,2.0,20000
42927259,Mansarovar,apartment,3.0,20000
42927511,Mahesh Nagar,apartment,1.0,100000
42918129,Ajmer Road,apartment,3.0,10000
42918927,Mansarovar,residential house,2.0,14000
42910509,C-Scheme,penthouse,4.0,55000
42852173,Mansarovar,apartment,2.0,13500
27174291,Nityanand Nagar,residential house,2.0,8500
42799379,Mansarovar,apartment,3.0,20000
26497109,Ajmer Road,residential house,1.0,8500
34502997,Kanak Vihar,apartment,2.0,7000
27899999,Muhana Mandi,apartment,3.0,15000
41574349,Mahaveer Nagar,apartment,3.0,28000
42809367,Moti Doongri Rd,apartment,3.0,20000
12086987,Tonk Road,builder floor apartment,3.0,17000
42803067,Patel Nagar,residential house,2.0,14000
42835003,Tonk Road,apartment,2.0,10000
42856083,Murlipura,residential house,1.0,8000
35995447,Central Spine,apartment,2.0,18000
42786017,Tonk Road,residential house,2.0,20000
42312693,Vaishali Nagar,residential house,2.0,13000
40997765,Jhotwara,residential house,2.0,10000
42875839,Mansarovar,residential house,2.0,11000
19395721,Queens Road,residential house,1.0,14000
41583523,Kartarpur,builder floor apartment,2.0,11000
26554295,Tilaknagar,residential house,3.0,35000
42800613,Vatika Road,apartment,2.0,8500
42800731,Durgapura,residential house,3.0,17000
29396907,Ajmer Road,residential house,2.0,11000
32132641,Nirman Nagar,apartment,3.0,20000
32213239,Jagatpura,apartment,3.0,8000
42812257,Patrakar Colony,residential house,2.0,25000
42867735,Jagatpura,apartment,3.0,15000
39350583,Jaisingh Pura Khor,villa,3.0,12000
42294991,Pratap Nagar,apartment,2.0,12000
28199865,Mahaveer Nagar,residential house,2.0,12000
31900849,Sodala,apartment,3.0,10000
42831241,Hawa Sadak,builder floor apartment,2.0,12000
42831263,Jaisinghpura,apartment,2.0,6500
42859885,Mansarovar,residential house,2.0,11000
42856553,Chitrakoot,residential house,1.0,15000
41619573,Lalarpura,residential house,3.0,11000
42865835,Shastrinagar,apartment,3.0,14000
25171159,Jaisinghpura,apartment,2.0,8000
42324527,Jagatpura,builder floor apartment,2.0,10000
41057037,Pratap Nagar,builder floor apartment,2.0,12000
42065765,Lalarpura,residential house,2.0,9500
42012117,Shantinagar,residential house,2.0,12000
41352337,Jagatpura,residential house,2.0,15000
14661984,Siddharth Nagar,builder floor apartment,2.0,16000
41818647,Triveni,residential house,3.0,17000
42058101,Muhana Mandi,residential house,1.0,51000
41979215,New Sanganer Road,villa,2.0,11500
30122303,Sirsi Road,residential house,3.0,35000
42649395,Jyoti Nagar,residential house,2.0,12000
32884077,Pratap Nagar,residential house,3.0,12000
16726240,Bajaj Nagar Enclave,residential house,2.0,18000
29524439,Greater Vidhyadhar Nagar,apartment,2.0,15000
40426451,Lalkothi,residential house,3.0,22000
36601285,Muhana Mandi,apartment,2.0,11000
15899568,Sirsi Road,penthouse,3.0,11500
35125913,Jagatpura,residential house,3.0,15000
29117293,Mansarovar,villa,2.0,15000
42194539,Ajmer Road,apartment,3.0,16000
41904067,Bapu Nagar,builder floor apartment,2.0,22000
15452249,Gopal Pura By Pass,apartment,3.0,21000
42509201,Subhash Nagar,apartment,2.0,17000
41714255,Jaisinghpura,villa,3.0,10000
19009405,Mansarovar,residential house,2.0,10000
41986309,Pratap Nagar,residential house,3.0,11000
42257125,Tonk Fatak,residential house,3.0,14000
42501257,Vaishali Nagar,apartment,2.0,10000
42057363,Mansarovar Extension,apartment,3.0,14000
41896179,Shankar Nagar,builder floor apartment,1.0,8000
42521505,Jagatpura,apartment,3.0,17000
42310289,Sirsi Road,apartment,2.0,9000
17186267,Jagatpura,apartment,2.0,12500
42312555,Civil Lines,residential house,2.0,17000
42450819,Raja Park,residential house,3.0,22000
42322771,Mansarovar,villa,2.0,13000
42242207,Malviya Nagar,apartment,2.0,22500
42151893,New Sanganer Road,residential house,2.0,11000
42168365,Sindhi Colony,residential house,2.0,15000
42494765,Kanwarnagar,residential house,3.0,25000
42614245,Swej Farm,apartment,3.0,22000
42228147,Mansarovar,builder floor apartment,3.0,20000
42481555,Khatipura,residential house,3.0,14000
19588015,Ajmer Road,builder floor apartment,3.0,9000
42308075,Malviya Nagar,apartment,2.0,20000
42567415,Murlipura,residential house,1.0,8000
41594489,Gandhi Path,villa,4.0,65000
42196317,Mansarovar,apartment,4.0,31000
30473425,C-Scheme,apartment,3.0,75000
33305681,Malviya Nagar,apartment,2.0,17000
41983855,C-Scheme,apartment,2.0,28000
28177721,Jagatpura,apartment,3.0,11000
33725791,Heerapura,residential house,2.0,8000
31516283,Jaisinghpura,villa,3.0,10000
10847445,Chitrakoot,builder floor apartment,3.0,17000
30281323,Mansarovar,residential house,2.0,8000
42261781,Greater Vidhyadhar Nagar,apartment,3.0,15000
42651881,Pratap Nagar,apartment,2.0,14000
34586909,Adarsh Nagar,builder floor apartment,3.0,18000
42592523,Malviya Nagar,residential house,3.0,17000
42109909,Ganesh Nagar,apartment,3.0,8000
19954841,Chitrakoot,apartment,3.0,11000
28140655,Mansarovar,residential house,2.0,15000
38051509,Jaisinghpura,apartment,3.0,10000
8114352,Kalwar Road,residential house,3.0,10000
42639431,Lalkothi,residential house,2.0,25000
42555929,Doctors Colony,apartment,3.0,30000
42558861,Mansarovar,builder floor apartment,2.0,11000
20266664,Ajmer Road,apartment,3.0,20000
42202709,Malviya Nagar,residential house,3.0,20000
30035087,Sirsi Road,apartment,2.0,9800
42407535,Devi Nagar,builder floor apartment,2.0,16000
42074627,Bapu Nagar,apartment,4.0,30000
42655463,Vivek Vihar,apartment,3.0,20000
42525039,Jagatpura,apartment,3.0,18500
42274433,Pratap Nagar,residential house,10.0,45000
29251253,Mansarovar,residential house,2.0,16000
42610085,Tonk Road,residential house,1.0,15000
42032957,Vidyadhar Nagar,residential house,2.0,15000
42303329,Heerapura,residential house,3.0,11500
42022849,Jagatpura,apartment,2.0,12000
37946783,Jagatpura,builder floor apartment,2.0,12000
28247781,Bapu Nagar,villa,2.0,18000
41548365,Jaisinghpura,builder floor apartment,3.0,10000
42533973,Gopal Pura By Pass,residential house,2.0,25000
41741951,Bani Park,apartment,2.0,15000
41551439,Milap Nagar,residential house,3.0,15000
41847615,Vaishali Nagar,apartment,3.0,18000
41875267,Raja Park,residential house,4.0,25000
41784231,Malviya Nagar,residential house,1.0,12000
41792511,Pratap Nagar,apartment,2.0,15000
41771255,Jagatpura,villa,3.0,12000
41595489,Ajmer Road,apartment,2.0,12000
42693051,Murlipura,apartment,2.0,10000
24989321,Jawahar Circle,villa,3.0,20000
42449003,Mansarovar,builder floor apartment,3.0,20000
42315917,Jagatpura,apartment,3.0,18000
41698029,Jagatpura,apartment,3.0,12500
42128089,Jagatpura,builder floor apartment,3.0,16322
42459461,Raja Park,hostel,10.0,600000
42462395,New Sanganer Road,apartment,2.0,12000
37603707,Jhotwara,residential house,2.0,8500
41038961,Ajmer Road,penthouse,3.0,32000
42652603,Jhotwara,residential house,3.0,13000
42261309,Mansarovar,apartment,2.0,15000
28450015,Ajmer Road,penthouse,5.0,10000
31456141,Swej Farm,residential house,2.0,15000
41289877,Jagatpura,apartment,3.0,16500
42554363,Durgapura,residential house,2.0,13000
42306033,Gopalpura,residential house,2.0,15000
35740259,Railway Colony,residential house,2.0,12000
42658147,Patrakar Colony,builder floor apartment,3.0,10000
39272971,Adinath Nagar,builder floor apartment,2.0,15000
42144643,Hathoj,residential house,1.0,7000
42271731,Jagatpura,apartment,3.0,14000
42768033,Subhash Nagar,apartment,3.0,30000
42294113,Lalarpura,residential house,2.0,10000
41631867,Jagatpura,apartment,3.0,15000
42303321,Jagatpura,apartment,3.0,15000
42302923,Jagatpura,apartment,3.0,15000
42302859,Mansarovar,residential house,2.0,15000
41755729,Tonk Road,apartment,3.0,22000
33175389,Vidyadhar Nagar,residential house,2.0,20000
41547823,Ajmer Road,residential house,3.0,12000
41548037,Hathroi,builder floor apartment,3.0,65000
41970857,Tonk Road,residential house,2.0,18000
41867671,Lalarpura,residential house,1.0,8000
41649713,Vaishali Nagar,residential house,2.0,12500
35495597,Jhotwara,apartment,3.0,15000
42743351,Nirman Nagar,apartment,3.0,35000
28541683,Malviya Nagar,apartment,2.0,20000
41905063,Ajmer Road,villa,1.0,10000
42739555,New Sanganer Road,residential house,3.0,30000
42059755,Jagatpura,residential house,7.0,60000
41986295,Ram Nagar,residential house,3.0,15000
42184577,Malviya Nagar,residential house,2.0,17000
42038423,Khatipura,residential house,3.0,15000
42738307,Jagatpura,builder floor apartment,3.0,16000
41723113,Ajmer Road,residential house,2.0,11000
41824391,B2 Bypass,apartment,3.0,17000
42064295,Mansarovar,apartment,4.0,50000
42727507,Iscon Road,residential house,3.0,12000
14710050,Bani Park,service apartment,3.0,28000
25464081,Kalwar Road,villa,3.0,18000
42207403,Mansarovar Colony,builder floor apartment,2.0,18000
41854995,Moti Doongri Rd,residential house,2.0,18000
41822169,Jagatpura,residential house,3.0,18000
42152183,Sirsi Road,apartment,3.0,16000
42076441,Vishwakarma Industrial Area,residential house,2.0,8500
41827865,Ajmer Road,apartment,3.0,15000
34149915,Mansarovar,villa,3.0,30000
42146977,Shiva Colony,villa,3.0,40000
30659531,Jagatpura,apartment,3.0,14000
35439905,Bhankrota,residential house,4.0,26000
42766337,Sikar Road,apartment,2.0,12000
41564979,Kalwar Road,apartment,3.0,10000
19439221,Jaisinghpura,apartment,3.0,10000
35539951,Jagatpura,apartment,2.0,16500
41874799,Mansarovar,builder floor apartment,1.0,12500
41736683,Gopalwari,apartment,2.0,12000
42347901,New Sanganare Road,residential house,1.0,9000
42285645,Jagatpura,residential house,3.0,16000
38046035,Kanak Vihar,apartment,3.0,12000
31598751,C-Scheme,residential house,2.0,65000
42032195,Malviya Nagar,residential house,1.0,15000
32599953,Ajmer Road,residential house,4.0,65000
35425921,Mansarovar Colony,apartment,2.0,15000
41772637,Sirsi Road,apartment,3.0,13000
27398729,Pratap Nagar,apartment,3.0,15000
25538993,Mansarovar Colony,residential house,1.0,15000
42649023,Hasanpura,apartment,3.0,12000
23642213,C-Scheme,apartment,3.0,35000
42575053,Bapu Nagar,builder floor apartment,3.0,22000
19557650,Jaisinghpura,apartment,1.0,6000
42242595,Chitrakoot,apartment,3.0,17000
42657641,Ajmer Road,apartment,2.0,15000
42654715,Vatika Road,residential house,2.0,10000
42614873,Patrakar Colony,apartment,2.0,20000
33157315,Govindpura,apartment,4.0,14500
42620713,Niwaru Road,villa,4.0,17000
41591343,Goner Road,apartment,3.0,12000
31494919,Jaisinghpura,villa,3.0,15000
42695329,Ajmer Road,residential house,2.0,35000
42465347,Murlipura,apartment,2.0,15000
42135041,Mansarovar Extension,residential house,2.0,13500
17633640,Ajmer Road,apartment,2.0,12000
42132979,Sanganer Road,builder floor apartment,3.0,13500
35342239,Jorawarsingh Gath,apartment,2.0,15000
41058741,Sanganer,builder floor apartment,6.0,200000
41999029,Guru Nanakpura,residential house,2.0,18000
42264757,Jagatpura,apartment,3.0,20000
42641277,Hanuman Nagar,residential house,2.0,15000
41222945,22 Godam,villa,3.0,22000
29249481,Sitapura,apartment,2.0,13000
42502783,Khatipura,apartment,2.0,15000
42501703,Sikar Road,residential house,2.0,10000
34379389,Ajmer Road,apartment,2.0,12000
42728777,Jagatpura,builder floor apartment,3.0,9000
42113149,Bindayaka,apartment,2.0,13000
42736319,Vaishali Nagar,apartment,2.0,15000
42688261,Niwaru Road,residential house,2.0,10500
32741137,Jagatpura,residential house,3.0,16000
42323967,Mansarovar Colony,residential house,3.0,14000
41195397,Mahapura Colony,villa,3.0,17000
42652429,Ajmer Road,apartment,3.0,18000
42332633,Chitrakoot,residential house,2.0,11000
32459023,Sushilpura,residential house,3.0,15000
27405227,Jagatpura,apartment,3.0,15000
42522737,Achrol,hostel,10.0,4250
13661273,Shiva Ji Nagar,apartment,3.0,29000
42035761,Sanganer Road,residential house,3.0,14000
29861049,Ramchandrapura,apartment,3.0,9000
41230921,Khatipura,residential house,3.0,18000
39277483,Rohini Nagar,residential house,3.0,20000
40568843,Saket,residential house,4.0,16000
42038751,Sirsi Road,apartment,2.0,16000
41164485,Vishwakarma Industrial Area,residential house,2.0,12000
42504487,Taru Chhaya Nagar,residential house,3.0,22000
41987775,Jaisinghpura,residential house,3.0,15000
22026595,Sirsi Road,apartment,3.0,15000
42347527,Pratap Nagar,hostel,10.0,5500
42499629,Mansarovar,residential house,1.0,14000
41639721,Shivdaspura,apartment,2.0,8000
41645139,Ajmer Road,apartment,3.0,27000
40632815,Patrakar Colony,service apartment,2.0,17000
14118587,Girnar Colony,builder floor apartment,3.0,10000
42333251,Mansarovar Colony,residential house,3.0,16000
38172431,Jagatpura,apartment,3.0,17500
40833417,Mahapura Colony,apartment,3.0,14000
42014175,Gandhi Path,builder floor apartment,3.0,16000
40295597,Jhotwara,residential house,6.0,50000
41230149,Niwaru Road,residential house,6.0,18000
40014449,Siddharth Nagar,residential house,2.0,22000
37753579,Sirsi Road,apartment,3.0,12000
42294775,Tonk Fatak,service apartment,5.0,60000
16321278,Govindpura,builder floor apartment,3.0,10000
41236359,Mahapura Colony,villa,3.0,9500
42500469,Mahapura Colony,villa,3.0,15000
41946067,Rani Sati Nagar,apartment,3.0,30000
42662505,Indira Gandhi Nagar,builder floor apartment,3.0,15000
42532359,Mahapura Colony,villa,3.0,10000
37944301,Omaxe City,apartment,2.0,11000
24021279,Jagatpura,builder floor apartment,3.0,13000
41550587,Gandhi Path,apartment,4.0,16000
31188091,Ajmer Road,apartment,3.0,12000
31308909,Murlipura,apartment,4.0,23000
42568105,Vasundhara,builder floor apartment,5.0,65000
41874931,Barkat Nagar,residential house,1.0,12000
41643233,Mansarovar,residential house,2.0,13500
29342397,Mahapura Colony,apartment,3.0,14000
41672235,Railway Colony,villa,5.0,20000
41683387,Pratap Nagar,residential house,2.0,13000
41668751,Gandhi Path,builder floor apartment,3.0,18000
42640985,Durgapura,builder floor apartment,2.0,14500
18412201,Muhana Mandi,apartment,2.0,8000
42751697,Indira Gandhi Nagar,residential house,2.0,8000
41853997,Vivek Vihar,builder floor apartment,3.0,16500
42829531,Nirman Nagar,apartment,3.0,13000
42820989,Sodala,apartment,2.0,10000
42685191,Sez,apartment,2.0,6000
16427803,Tilaknagar,residential house,2.0,13000
42792389,Jagatpura,apartment,3.0,25000
20713315,Malviya Nagar,penthouse,2.0,25000
31355735,Pratap Nagar,builder floor apartment,1.0,5500
42887543,Malviya Nagar,apartment,1.0,16000
42915861,Vaishali Nagar,apartment,3.0,27000
26976671,C-Scheme,apartment,3.0,28000
42778281,Chitrakoot,residential house,1.0,7200
42872417,Mansarovar,apartment,2.0,15000
42865647,Lalarpura,apartment,3.0,16000
42804987,Sitapura,builder floor apartment,9.0,40000
42811825,Ajmer Road,apartment,2.0,13000
13253323,Jagatpura,apartment,3.0,10000
32004911,Vaishali Nagar,residential house,2.0,16000
42622947,Vaishali Nagar,apartment,2.0,25000
42770301,Mansarovar Extension,residential house,2.0,12000
42830135,Sanganer,apartment,2.0,7000
42848473,Vaishali Nagar,residential house,2.0,14000
21101151,Jhotwara,builder floor apartment,2.0,7000
42849093,Jagatpura,apartment,3.0,10000
42677157,Jagatpura,apartment,3.0,9000
42867167,Vaishali Nagar,residential house,3.0,20000
42856593,Bapu Nagar,residential house,2.0,19000
27845019,Vaishali Nagar,builder floor apartment,2.0,11500
42780393,Nirman Nagar,residential house,1.0,8000
42745345,Jagatpura,apartment,2.0,10000
32455237,Barkat Nagar,residential house,2.0,15000
42749781,Heerapura,apartment,2.0,11000
42735541,Durgapura,apartment,2.0,16000
42774103,Malviya Nagar,apartment,3.0,15000
42820069,Mansarovar,apartment,2.0,12000
42777187,Nirman Nagar,residential house,1.0,8000
42697143,Kalwar Road,residential house,2.0,6600
36003137,Subhash Nagar,residential house,2.0,7500
22251647,Malviya Nagar,residential house,3.0,14500
11544977,Jagatpura,apartment,3.0,8000
42905501,Sanganer,penthouse,1.0,3500
42798283,Mansarovar,apartment,2.0,13500
42196705,Kalwar Road,apartment,3.0,7000
42793253,Jagatpura,residential house,2.0,8000
31101545,Mansarovar,residential house,3.0,11000
42319409,Vaishali Nagar,apartment,3.0,25000
41907565,Mansarovar,residential house,2.0,12000
41723413,Omaxe City,builder floor apartment,2.0,8000
42454883,Jagatpura,residential house,2.0,9000
42254415,Swej Farm,builder floor apartment,3.0,27000
42035481,Tonk Road,residential house,2.0,14000
42625169,Ram Nagar,apartment,3.0,12500
42528373,Sirsi Road,residential house,3.0,6000
42013155,Mansarovar,residential house,2.0,18000
42693105,Murlipura,apartment,2.0,10000
30090485,Malviya Nagar,villa,7.0,150000
42395653,Jagatpura,residential house,2.0,10000
42195823,Civil Lines,residential house,1.0,25000
42135905,Jhotwara,residential house,3.0,10000
42686593,Vaishali Nagar,residential house,2.0,18000
42736881,Civil Lines,apartment,3.0,40000
42652335,Mansarovar,apartment,1.0,10000
41721651,Gopal Pura By Pass,residential house,2.0,15000
42653001,Jagatpura,apartment,2.0,14000
32372499,Narayan Vihar,apartment,3.0,9000
42569849,Niwaru Road,apartment,2.0,6500
36803033,Sikar Road,builder floor apartment,2.0,8000
42177995,Parasram Nagar,apartment,2.0,8500
42601201,Jhotwara,residential house,2.0,8500
37801081,Ajmer Road,apartment,3.0,7000
42709813,Sanganer,residential house,2.0,9000
42606807,Gopal Pura By Pass,villa,6.0,45000
42722037,Malviya Nagar,residential house,3.0,22000
42548325,Patrakar Colony,apartment,2.0,11500
42557987,Raja Park,apartment,3.0,22000
42703799,Sachivalaya Nagar,apartment,2.0,7000
26098201,Swej Farm,apartment,3.0,23000
20602247,Model Town,residential house,1.0,10000
30324885,Gopal Pura By Pass,residential house,2.0,14000
42674013,Vaishali Nagar,residential house,1.0,8000
42764295,Nirman Nagar,residential house,3.0,15500
42615699,Mansarovar,apartment,2.0,11000
42724295,Gandhi Path,apartment,2.0,11000
41838065,Dadi Ka Phatak,builder floor apartment,3.0,9500
42666055,Sodala,apartment,2.0,15000
40828809,Mansarovar,apartment,3.0,16000
29098615,Chitrakoot,builder floor apartment,3.0,12000
42440233,Chitrakoot,apartment,2.0,15000
41715817,Jagatpura,villa,3.0,20000
41676883,Jagatpura,villa,3.0,15000
41949993,Vaishali Nagar,apartment,2.0,17500
42219885,Vaishali Nagar,apartment,3.0,15000
30583373,Ajmer Road,villa,2.0,7500
39809183,Jagatpura,villa,3.0,18000
39651869,Tonk Road,villa,3.0,16000
19738848,Ambabari Colony,residential house,2.0,8000
41641763,Jagatpura,apartment,2.0,19000
41546811,Jowhari Bazar,residential house,2.0,11000
16839449,Tonk Road,residential house,3.0,20000
39124087,Gopal Bari,residential house,2.0,12000
40636757,Ajmer Road,apartment,2.0,11000
14351556,Ajmer Road,apartment,4.0,20000
40524217,Narayan Vihar,apartment,3.0,10000
40369873,Jagatpura,builder floor apartment,3.0,15000
41255535,Jagatpura,apartment,3.0,16000
40660275,C-Scheme,apartment,4.0,55000
31027563,Vaishali Nagar,residential house,3.0,22000
37435563,Ajmer Road,builder floor apartment,3.0,8000
41722849,Queens Road,builder floor apartment,2.0,18000
40751393,Ajmer Road,apartment,2.0,12000
41018889,Ajmer Road,villa,2.0,8000
15874125,Jagatpura,apartment,3.0,10000
41647403,Siddharth Nagar,apartment,2.0,15000
27014075,Jhotwara,residential house,2.0,15000
17348116,Jaisinghpura,villa,3.0,15000
39791227,Jagatpura,service apartment,3.0,45000
39088869,Dholai,villa,2.0,12000
41377443,Mansarovar,apartment,3.0,18000
41689699,Malviya Nagar,residential house,2.0,11000
26198573,Murlipura,apartment,3.0,12500
33916921,Sitapura Industrial Area,builder floor apartment,2.0,9500
20948990,Chitrakoot,residential house,3.0,13000
41911533,Jagatpura,apartment,3.0,10500
13384545,Sirsi Road,apartment,2.0,11500
41736753,Jagatpura,villa,3.0,20000
41667641,Pratap Nagar,residential house,3.0,18000
26618381,Civil Lines,apartment,3.0,35000
42020741,Jagatpura,apartment,3.0,17000
41876795,Sirsi Road,residential house,2.0,8500
34203997,Bajaj Nagar Enclave,residential house,3.0,50000
17457373,Jagatpura,residential house,2.0,11000
38686047,C-Scheme,apartment,3.0,26000
41649639,Jagatpura,builder floor apartment,2.0,12000
22354647,Vaishali Nagar,apartment,3.0,35000
41954973,Triveni,residential house,3.0,17000
40415395,Swej Farm,residential house,1.0,9500
39251827,Jagatpura,apartment,3.0,16000
37987629,Sirsi Road,apartment,3.0,8000
34183181,Jagatpura,apartment,3.0,16000
21155209,Pratap Nagar,apartment,4.0,14000
40443681,Shyam Nagar,residential house,2.0,14000
36956931,Jagatpura,residential house,4.0,20000
40392869,Jagatpura,apartment,2.0,13500
40546317,Ajmer Road,apartment,2.0,9500
42195205,Mahesh Nagar,apartment,3.0,16000
41214885,Nirman Nagar,residential house,4.0,35000
41879511,Vaishali Nagar,apartment,2.0,18000
27784241,Mansarovar,villa,3.0,20000
40221403,Jawahar Lal Nehru Marg,builder floor apartment,1.0,10000
41689843,Vaishali Nagar,residential house,2.0,11500
41792361,Pratap Nagar,apartment,2.0,15000
39611243,Ajmer Road,apartment,3.0,13000
39735655,Jagatpura,apartment,2.0,11000
39404089,Mansarovar,builder floor apartment,2.0,18000
40229723,Mansarovar,residential house,2.0,20000
28140919,Jaisinghpura,apartment,3.0,11000
28807743,Bani Park,residential house,4.0,60000
40206761,Sodala,residential house,4.0,30000
26562765,Tilaknagar,residential house,3.0,34000
17874335,Shyam Nagar,residential house,2.0,20000
36518229,Sez,apartment,2.0,7500
21320515,Shyam Nagar,residential house,5.0,50000
38944641,Malviya Nagar,apartment,3.0,23000
32500911,Tonk Road,villa,4.0,25000
42012745,Jagatpura,apartment,3.0,17000
40633723,Jagatpura,apartment,3.0,24000
40040099,Ajmer Road,apartment,3.0,10000
41621479,Ajmer Road,villa,3.0,8500
10294873,Civil Lines,apartment,3.0,45500
16423933,Jaisinghpura,villa,3.0,10000
41684547,Pratap Nagar,apartment,3.0,15000
41683485,Model Town,apartment,2.0,12500
40519353,Nh 8,apartment,2.0,9500
36886427,Patrakar Colony,residential house,2.0,11000
39480603,Himmatnagar,residential house,3.0,19000
40686507,Ajmer Road,villa,3.0,15000
19491938,Sikar Road,residential house,4.0,15000
19484687,Bani Park,residential house,8.0,110000
39882037,Jagatpura,apartment,2.0,20000
39954017,Model Town,builder floor apartment,2.0,15000
41477075,Nirman Nagar,builder floor apartment,4.0,40000
42182461,Civil Lines,apartment,4.0,40000
42321367,Vaishali Nagar,apartment,2.0,20000
39611591,Jagatpura,residential house,1.0,12500
37071819,Bani Park,apartment,3.0,21000
28565123,Nh 8,apartment,3.0,7500
39902915,Bapu Nagar,builder floor apartment,3.0,30000
40184765,Maharana Pratap Circle Road,apartment,3.0,20000
38718877,Chitrakoot,residential house,1.0,8000
37729947,Mahindra World City,apartment,3.0,11000
34126887,Vaishali Nagar,residential house,3.0,15500
39023951,Ajmer Road,apartment,2.0,9000
40353131,Patrakar Colony,apartment,3.0,13500
34009607,Ajmer Road,apartment,3.0,12000
27427341,Tonk Road,apartment,2.0,12000
42104527,Ajmer Road,apartment,2.0,7000
41936437,Mansarovar,residential house,2.0,12000
41772419,Mansarovar Extension,apartment,3.0,13000
32053963,Mansarovar Extension,apartment,3.0,25000
28564877,Nh 8,apartment,3.0,7500
41702093,Raja Park,apartment,2.0,20000
41637273,Vaishali Nagar,apartment,2.0,18000
40027399,Jagatpura,residential house,2.0,8000
32868509,Tonk Road,apartment,3.0,9000
37245581,Malviya Nagar,residential house,2.0,12000
39244657,Malviya Nagar,builder floor apartment,2.0,21000
39674573,Gokulpura,residential house,3.0,8000
42129417,Jagatpura,builder floor apartment,2.0,10000
39225647,Jawaharnagar,residential house,2.0,9000
38297421,Devi Nagar,residential house,2.0,17000
27521009,Nirman Nagar,apartment,3.0,18000
41176673,Bani Park,apartment,3.0,24000
28977345,Jagatpura,builder floor apartment,3.0,10000
35133419,Vaishali Nagar,apartment,3.0,35000
41612739,Patrakar Colony,apartment,2.0,10000
42362273,Malviya Nagar,apartment,3.0,22000
41449637,Vaishali Nagar,residential house,3.0,25000
42290527,Gandhi Path,apartment,3.0,10000
41646511,Adarsh Nagar,residential house,2.0,8500
40281313,Ram Nagar,residential house,1.0,5500
41690673,Ajmer Road,residential house,1.0,8500
27274955,Mansarovar,residential house,5.0,21000
34577865,Vaishali Nagar,apartment,3.0,15000
25203519,Barkat Nagar,residential house,3.0,15000
42115339,Ambabari Colony,villa,3.0,13000
41805429,Shyam Nagar,apartment,3.0,25000
38608723,Civil Lines,residential house,3.0,28000
24763481,Ambabari Colony,apartment,3.0,14000
42034975,Jagatpura,apartment,3.0,12000
41828035,Murlipura,residential house,3.0,8500
41843821,Indira Gandhi Nagar,residential house,2.0,7000
42105465,Nirman Nagar,apartment,3.0,27000
40580405,Jagatpura,apartment,3.0,9000
41762457,Jagatpura,apartment,2.0,16000
40765455,Mahesh Nagar,residential house,2.0,12000
41724125,Jagatpura,villa,2.0,10000
14432960,Jagatpura,apartment,2.0,12000
41939923,Sitapura Industrial Area,builder floor apartment,2.0,5938
42103397,Vaishali Nagar,villa,3.0,18000
30014997,Ajmer Road,apartment,2.0,9000
19504118,Tonk Road,apartment,2.0,15000
25682311,Jagatpura,apartment,3.0,12000
36058193,Tonk Road,apartment,2.0,9000
41876715,Malviya Nagar,apartment,3.0,13000
42001091,Vaishali Nagar,residential house,2.0,11000
41891867,Vaishali Nagar,apartment,3.0,25000
41706105,Sitapura Industrial Area,villa,3.0,15000
41981667,Malviya Nagar,apartment,3.0,13000
26356005,Jagatpura,apartment,2.0,12000
41997537,Civil Lines,residential house,2.0,13000
41995383,Vasant Vihar,apartment,3.0,7000
42007147,Malviya Nagar,apartment,1.0,14000
29964663,Shyam Nagar,residential house,2.0,12500
41725735,Durgapura,penthouse,4.0,15000
16535219,Jagatpura,builder floor apartment,3.0,9900
14072249,Bapu Nagar,residential house,3.0,22000
40299671,B2 Bypass,apartment,3.0,25000
41923919,Civil Lines,residential house,3.0,30000
41854923,Mansarovar,apartment,2.0,15000
30786973,Chitrakoot,apartment,2.0,10000
42106721,Siddharth Nagar,builder floor apartment,3.0,13000
41721399,Pratap Nagar,residential house,1.0,8000
42076085,Vaishali Nagar,apartment,2.0,12000
42149529,Mansarovar,residential house,2.0,13000
27541959,Triveni,builder floor apartment,2.0,15000
42033429,Vaishali Nagar,apartment,3.0,14000
28019887,Vaishali Nagar,residential house,3.0,13000
41858491,Nirman Nagar,residential house,2.0,15000
35640739,Tilaknagar,apartment,3.0,40000
42017609,Vivek Vihar,residential house,2.0,15000
41837377,Malviya Nagar,residential house,2.0,15000
40579403,Sanganer,residential house,2.0,7500
41745961,Saraswati Nagar,residential house,2.0,8000
32988139,Mansarovar Colony,residential house,2.0,10000
41878653,22 Godam,residential house,2.0,10000
35316503,Jagatpura,apartment,2.0,11500
40628821,Sodala,residential house,1.0,7000
41820989,Vaishali Nagar,apartment,3.0,33000
41999515,Durgapura,villa,2.0,14999
29246413,Khatipura,residential house,2.0,8500
41952497,Chitrakoot,residential house,2.0,9500
42097873,Jagatpura,apartment,3.0,13500
29902409,Khatipura,residential house,1.0,6000
42217385,Vaishali Nagar,apartment,2.0,14000
41082083,Mansarovar,builder floor apartment,3.0,15000
27542183,Pratap Nagar,residential house,3.0,11500
39540029,Ajmer Road,apartment,2.0,8000
39735083,Vaishali Nagar,apartment,2.0,10000
41746341,Ajmer Road,apartment,2.0,8000
36338599,Ajmer Road,apartment,2.0,10500
42331711,Jagatpura,residential house,2.0,10000
25453063,Tonk Road,residential house,2.0,12000
40855883,Pratap Nagar,apartment,2.0,14000
41043133,Mansarovar,apartment,2.0,13000
41349563,Sodala,residential house,2.0,10000
39679315,Vaishali Nagar,apartment,2.0,12000
42309999,Vaishali Nagar,apartment,3.0,13500
41019833,Nirman Nagar,residential house,2.0,14000
42382701,Malviya Nagar,residential house,2.0,13000
28898181,Jagatpura,apartment,3.0,13000
42320679,Malviya Nagar,residential house,3.0,16000
42321869,Patrakar Colony,residential house,2.0,11000
42277767,Mansarovar,residential house,2.0,15000
39725433,Siddharth Nagar,builder floor apartment,3.0,24000
35524517,C-Scheme,apartment,3.0,28000
42298503,Jagatpura,apartment,1.0,12000
42168965,Vaishali Nagar,apartment,2.0,19500
37821505,Vaishali Nagar,apartment,2.0,13000
41022131,Gaytri Nagar,apartment,2.0,18000
42288481,Mansarovar,apartment,3.0,18000
42307963,Malviya Nagar,apartment,2.0,22000
42394685,Vaishali Nagar,apartment,3.0,25000
41608625,Vaishali Nagar,residential house,2.0,15000
42300119,Malviya Nagar,builder floor apartment,2.0,11000
38632563,Vivek Vihar,residential house,2.0,14000
41328555,22 Godam,residential house,2.0,10000
12510441,Ajmer Road,apartment,3.0,9000
38898779,C-Scheme,apartment,3.0,25000
41488869,Indira Gandhi Nagar,residential house,2.0,7500
40176485,Malviya Nagar,apartment,2.0,22000
24432975,Bapu Nagar,apartment,3.0,25000
42365989,Mansarovar,residential house,3.0,9000
40969167,Bani Park,apartment,3.0,18000
42180449,Shyam Nagar,apartment,2.0,20000
41571341,Heerapura,residential house,2.0,8000
40633271,Jawahar Lal Nehru Marg,residential house,3.0,75000
39145347,Gopal Pura By Pass,apartment,9.0,92000
42019119,Malviya Nagar,apartment,1.0,15000
14761074,Nirman Nagar,residential house,2.0,10000
42396191,Mansarovar,residential house,2.0,12500
39350393,Jagatpura,apartment,1.0,10000
42381515,Mansarovar,residential house,2.0,10000
42269539,Malviya Nagar,residential house,1.0,8000
42151193,Nirman Nagar,residential house,1.0,6000
34400553,Pratap Nagar,apartment,2.0,10000
42290523,Patrakar Colony,residential house,2.0,8500
41686989,Mansarovar,apartment,2.0,8000
32200491,Ajmer Road,residential house,1.0,6500
31195157,Tonk Road,apartment,2.0,9500
39980441,Raja Park,residential house,2.0,12500
31878893,Vaishali Nagar,residential house,1.0,6500
32027019,Bani Park,apartment,1.0,10000
27155325,Devi Nagar,residential house,2.0,9500
41583505,Mansarovar Extension,residential house,2.0,8500
41581883,New Sanganare Road,apartment,2.0,10000
41813069,Indira Gandhi Nagar,residential house,1.0,5000
40048511,Mansarovar,builder floor apartment,2.0,15000
42266327,Jagatpura,residential house,1.0,7000
42653723,Pratap Nagar,residential house,1.0,6500
27269793,Mansarovar,residential house,1.0,7300
41723879,Ajmer Road,apartment,2.0,5500
42454261,Sirsi Road,residential house,1.0,3000
30315319,Mansarovar Extension,apartment,2.0,12000
37272667,Jagatpura,residential house,1.0,6000
39943739,Civil Lines,builder floor apartment,1.0,8000
41701139,Vaishali Nagar,residential house,1.0,4500
42151771,Mansarovar Extension,builder floor apartment,2.0,10000
42479227,Jagatpura,apartment,2.0,8500
35448845,Jagatpura,apartment,2.0,7000
42343427,Mansarovar,residential house,1.0,5500
33902821,Sitapura,villa,2.0,6500
41858025,Jhotwara,builder floor apartment,3.0,6000
42367437,Mansarovar,residential house,2.0,9000
42211243,Sikar Road,residential house,2.0,6500
29612229,Malviya Nagar,residential house,2.0,10000
34265751,Bani Park,apartment,2.0,11000
42285519,Vaishali Nagar,apartment,2.0,8500
41837597,Mansarovar,residential house,2.0,8000
41737353,Pratap Nagar,apartment,1.0,3500
41621981,Vaishali Nagar,builder floor apartment,2.0,12000
42488051,Airport Road,apartment,2.0,8000
41780451,Gopalpura,residential house,2.0,10000
31333847,Vivek Vihar,residential house,1.0,7500
33546137,Raja Park,residential house,5.0,40000
42260133,Raja Park,apartment,2.0,17500
41888571,Jagatpura,residential house,2.0,8000
42123259,Mansarovar,residential house,3.0,10000
25666139,Vidyadhar Nagar,apartment,2.0,12500
28033523,Ajmer Road,apartment,2.0,7000
42643957,Sodala,residential house,2.0,9000
27122015,Bani Park,apartment,2.0,20000
28266911,Mahesh Nagar,residential house,2.0,12000
41823023,Raja Park,apartment,1.0,15000
41879785,Maruti Nagar,residential house,2.0,5500
40308205,Jawaharnagar,residential house,2.0,11000
40341879,Bani Park,apartment,2.0,12000
42371683,Vidyadhar Nagar,apartment,2.0,11000
37114383,Tilaknagar,apartment,2.0,16000
42253337,Vaishali Nagar,apartment,3.0,15000
41989889,Mahadev Nagar,residential house,1.0,4000
41986911,Vaishali Nagar,residential house,2.0,9000
41888369,Vivek Vihar,residential house,1.0,8500
41644593,Shyam Nagar,builder floor apartment,3.0,20000
42120355,Jagatpura,apartment,3.0,9000
41822233,Mahaveer Nagar,builder floor apartment,2.0,11000
42072279,Saraswati Nagar,residential house,1.0,5000
27125093,Vaishali Nagar,apartment,3.0,45000
33900427,Malviya Nagar,residential house,2.0,12000
40382739,Ajmer Road,apartment,2.0,9000
42292409,Jagatpura,apartment,1.0,9500
26797491,Murlipura,residential house,2.0,8000
42093525,Patrakar Colony,apartment,2.0,10000
26552985,Ajmer Road,penthouse,1.0,7000
41633855,Jagatpura,residential house,3.0,10000
41311919,Vaishali Nagar,builder floor apartment,2.0,10000
12252587,Gopal Pura By Pass,residential house,2.0,12000
41568049,Khatipura,residential house,2.0,7000
41761427,Mansarovar,builder floor apartment,3.0,15000
42104439,Jagatpura,apartment,3.0,10000
25055643,Mahaveer Nagar,residential house,2.0,11000
38863649,Gopal Pura By Pass,residential house,2.0,15000
41547921,Dadi Ka Phatak,residential house,3.0,7000
28845287,Chitrakoot,builder floor apartment,3.0,13000
42489361,Patrakar Colony,builder floor apartment,2.0,10000
40504523,Jhotwara,residential house,2.0,7000
29471073,Sodala,villa,1.0,7000
41774919,Hanuman Nagar,villa,4.0,40000
40622559,Bani Park,builder floor apartment,2.0,13000
42240109,Govindpura,apartment,2.0,5500
41776173,Malviya Nagar,residential house,3.0,25000
25610047,Jhotwara,apartment,2.0,9000
30145045,Mansarovar,builder floor apartment,2.0,11000
38281771,Sitapura,apartment,2.0,8500
20761716,Jagatpura,apartment,3.0,10000
41964885,Bapu Nagar,builder floor apartment,3.0,20000
42439183,Vidyadhar Nagar,residential house,1.0,6200
31818311,Gopal Pura By Pass,residential house,2.0,7500
37569139,Jagatpura,apartment,3.0,7500
42059467,Pratap Nagar,builder floor apartment,2.0,10000
33598689,Sitapura,residential house,1.0,7500
39272291,Vaishali Nagar,residential house,2.0,10000
42245395,Shyam Nagar,residential house,2.0,14000
42206325,Mansarovar,residential house,2.0,8500
37785177,Jal Mahal,residential house,1.0,4000
41549779,Vaishali Nagar,residential house,2.0,15000
34354793,Mansarovar,residential house,2.0,9000
27738333,Malviya Nagar,residential house,1.0,5000
42069917,Malviya Nagar,apartment,3.0,14000
41946513,Model Town,builder floor apartment,1.0,6000
20665271,Sodala,builder floor apartment,2.0,7000
28031805,Nirman Nagar,residential house,3.0,16000
41678123,Mahesh Nagar,residential house,3.0,14000
41683801,Mansarovar Extension,residential house,3.0,7500
20466330,Adarsh Nagar,residential house,1.0,10000
40527333,Nirman Nagar,apartment,3.0,12500
39117035,Mansarovar,builder floor apartment,1.0,5500
42136789,Pratap Nagar,residential house,2.0,6000
28872761,Ajmer Road,apartment,2.0,6632
39373549,Jhotwara,residential house,3.0,10000
41813841,Dholai,apartment,2.0,7000
41706293,Tonk Road,apartment,2.0,6000
42122939,Patrakar Colony,apartment,2.0,9000
25865303,Malviya Nagar,apartment,2.0,11000
37456765,Jhotwara,apartment,1.0,5000
41830377,Patrakar Colony,apartment,2.0,10000
42005657,Mansarovar,apartment,2.0,10000
40567937,New Sanganer Road,builder floor apartment,1.0,6500
29993345,Mansarovar Extension,apartment,2.0,14000
10071193,Vidyadhar Nagar,apartment,2.0,8500
38776571,Hathoj,apartment,2.0,5000
42033835,Malviya Nagar,residential house,2.0,8500
30123469,Malviya Nagar,residential house,2.0,10000
41842537,Mansarovar,residential house,1.0,6500
41846271,Jawaharnagar,apartment,1.0,7500
42028415,Jagatpura,apartment,2.0,9000
40594675,New Sanganer Road,residential house,1.0,6000
41845255,Ajmer Road,apartment,1.0,6000
41776065,Mansarovar,residential house,1.0,4000
18761087,Mansarovar Extension,apartment,2.0,10000
27207899,Pratap Nagar,residential house,2.0,10000
27536733,Jagatpura,apartment,2.0,10000
27824177,Malviya Nagar,apartment,2.0,13500
41907997,Mansarovar,apartment,2.0,12000
41705277,Pratap Nagar,residential house,2.0,12000
40585235,Mansarovar,residential house,2.0,12000
41950671,Tagore Nagar,residential house,1.0,6000
41919153,Mansarovar,residential house,2.0,10000
39840761,Raja Park,apartment,2.0,18000
33047019,Gandhi Path,residential house,1.0,6100
41930953,Pratap Nagar,apartment,2.0,10000
14305188,Malviya Nagar,residential house,1.0,9000
10747079,Lalkothi,residential house,2.0,22000
41852053,Shastrinagar,residential house,3.0,7000
42081939,Iscon Road,apartment,2.0,15000
37911515,Jagatpura,apartment,3.0,10000
16854478,Mansarovar,residential house,2.0,12000
41848343,New Sanganare Road,residential house,2.0,9000
41961793,Mahesh Nagar,residential house,2.0,12000
15380020,Durgapura,residential house,3.0,14000
34875375,New Sanganare Road,apartment,2.0,12000
41964795,Patrakar Colony,apartment,2.0,10000
41974841,Vaishali Nagar,residential house,2.0,9000
41792089,Adarsh Nagar,apartment,3.0,18000
40658959,Civil Lines,residential house,2.0,10500
41854781,Vaishali Nagar,apartment,1.0,5000
42058943,Malviya Nagar,residential house,2.0,12500
16405421,Bapu Nagar,apartment,2.0,21000
41706005,Gopal Pura By Pass,apartment,2.0,14000
23923073,Raja Park,residential house,2.0,12000
41879363,Jhotwara,residential house,1.0,4000
42010699,Mahesh Nagar,residential house,2.0,10000
42143115,Tonk Road,apartment,1.0,6500
39345417,Mansarovar Extension,apartment,2.0,14500
26387469,Nirman Nagar,residential house,1.0,5000
39242413,Malviya Nagar,apartment,1.0,13500
26143721,Chitrakoot,residential house,2.0,7000
42029885,Ajmer Road,apartment,2.0,6000
41964517,Mansarovar,apartment,2.0,13000
41724685,Vaishali Nagar,residential house,2.0,8500
42071471,Benar Road,residential house,3.0,6000
41873217,Gopal Pura By Pass,residential house,3.0,15000
41191963,Jagatpura,residential house,2.0,8500
33430549,Mansarovar Extension,residential house,1.0,7000
42200205,Nirman Nagar,builder floor apartment,2.0,12356
42311595,Malviya Nagar,residential house,2.0,10000
42414435,Jagatpura,residential house,3.0,8500
40968149,Malviya Nagar,apartment,3.0,15000
42435623,Gandhi Path,apartment,1.0,14000
42265481,Jagatpura,residential house,2.0,8500
15285212,Vaishali Nagar,penthouse,4.0,40000
42196029,Mansarovar,builder floor apartment,2.0,8500
42467343,Pratap Nagar,apartment,1.0,6700
11414505,Jagatpura,apartment,3.0,8000
27835585,Tonk Road,residential house,1.0,6500
42502183,Nirman Nagar,builder floor apartment,1.0,5500
42314661,Raja Park,apartment,2.0,22000
42262513,Jagatpura,apartment,2.0,8000
42390125,Malviya Nagar,residential house,2.0,11000
42510271,Vaishali Nagar,residential house,1.0,9000
24285111,Civil Lines,residential house,1.0,3000
25670079,Vaishali Nagar,apartment,3.0,9500
42310871,Bapu Nagar,residential house,2.0,11000
12374769,Vaishali Nagar,residential house,2.0,8000
39700299,Murlipura,residential house,1.0,4000
42481787,Vaishali Nagar,apartment,2.0,12000
12183166,Mansarovar,apartment,2.0,11000
42308581,Pratap Nagar,apartment,2.0,9000
18043236,Vaishali Nagar,apartment,2.0,17500
19174843,Jagatpura,residential house,3.0,12000
42473541,New Sanganer Road,residential house,2.0,10000
42168879,Ajmer Road,apartment,1.0,7000
42419063,Malviya Nagar,residential house,2.0,13000
42300039,Jagatpura,apartment,3.0,8000
42368037,Jagatpura,builder floor apartment,2.0,10000
25794735,Vaishali Nagar,apartment,2.0,10000
42567917,Narayan Vihar,apartment,1.0,6000
37891553,Pratap Nagar,apartment,3.0,12000
42395253,Shiv Shakti Nagar,residential house,1.0,7000
42464121,Nandpuri,residential house,1.0,7500
41254889,Delhi Road,residential house,2.0,5000
15929853,Malviya Nagar,apartment,3.0,30000
20858341,Pratap Nagar,residential house,2.0,10000
39787379,Gopal Pura By Pass,apartment,2.0,17500
42450805,Malviya Nagar,residential house,2.0,15000
38952051,Raja Park,apartment,2.0,17000
23178329,Mansarovar,residential house,3.0,11000
42219271,Sheopur Road,residential house,2.0,7500
41212509,Jawaharnagar,residential house,2.0,12000
41129305,Jhotwara,residential house,3.0,9000
42349525,Chitrakoot,apartment,1.0,9000
28626817,Shyam Nagar,residential house,2.0,15000
42436547,Pratap Nagar,residential house,2.0,7000
39895561,Ajmer Road,apartment,1.0,8500
41090523,Jhotwara,residential house,2.0,7500
32007291,Mansarovar,residential house,1.0,9800
26856271,Shyam Nagar,apartment,3.0,13000
42263597,Ajmer Road,residential house,1.0,4000
17387363,Vaishali Nagar,builder floor apartment,1.0,10000
42457197,Vaishali Nagar,residential house,4.0,35000
42502011,Vaishali Nagar,apartment,3.0,10500
42448819,Ajmer Road,apartment,2.0,6500
40939317,Mansarovar Colony,apartment,2.0,8000
18829473,Mansarovar Extension,residential house,2.0,10500
18638403,Sodala,residential house,2.0,12000
42372539,Jagatpura,apartment,2.0,12800
20386182,Nirman Nagar,residential house,3.0,13500
21943471,Mansarovar,apartment,2.0,10000
42537333,Pratap Nagar,apartment,2.0,12000
42159109,Malviya Nagar,apartment,3.0,12500
42539779,Vaishali Nagar,residential house,3.0,14000
42243059,Ajmer Road,apartment,1.0,5000
42346855,Raja Park,apartment,1.0,10000
28713011,Vaishali Nagar,builder floor apartment,1.0,11000
42357623,Shivdaspura,apartment,1.0,4500
42496445,Vatika Road,builder floor apartment,1.0,6000
42366325,Niwaru Road,residential house,2.0,7000
42417013,Model Town,builder floor apartment,3.0,12000
22884199,Mansarovar,apartment,2.0,12000
42489155,Tonk Road,builder floor apartment,1.0,5000
31345989,Jagatpura,residential house,3.0,11000
39309189,Mansarovar,apartment,3.0,10000
34627321,Siddharth Nagar,residential house,2.0,9000
42543661,Vaishali Nagar,service apartment,1.0,15000
42543469,Gopal Pura By Pass,residential house,2.0,9500
31457109,Jagatpura,apartment,3.0,11000
42418993,Mansarovar Extension,apartment,2.0,14000
42410155,Vaishali Nagar,apartment,1.0,9500
42615837,Mansarovar Extension,residential house,2.0,12000
42685767,Mansarovar,residential house,2.0,8000
19313536,Vidyadhar Nagar,apartment,2.0,10000
41973809,Durgapura,residential house,1.0,9500
41349623,Choti Chopad,residential house,1.0,2500
10929231,Nirman Nagar,residential house,2.0,7500
34733691,Barkat Nagar,apartment,2.0,15000
41954423,Bapu Nagar,apartment,3.0,20000
27462155,Lalkothi,apartment,2.0,16000
38728821,Gopal Pura By Pass,residential house,3.0,17000
42600853,Sodala,residential house,2.0,8000
42697811,Nirman Nagar,residential house,1.0,7500
42676481,Mansarovar,residential house,3.0,10000
42676243,Malviya Nagar,apartment,2.0,20000
35879947,Chitrakoot,builder floor apartment,2.0,13500
42625989,Vaishali Nagar,apartment,2.0,16500
42660741,Pratap Nagar,residential house,1.0,5500
42613689,Vaishali Nagar,residential house,2.0,9000
42613731,Mansarovar,residential house,1.0,3500
42675289,Mansarovar,residential house,2.0,13000
42667211,Malviya Nagar,residential house,2.0,15000
42628457,Jagatpura,apartment,2.0,8500
42630267,Vaishali Nagar,apartment,1.0,10000
39926635,Malviya Nagar,residential house,4.0,11000
42605793,Vaishali Nagar,apartment,2.0,12000
39060951,Malviya Nagar,builder floor apartment,2.0,18000
38309369,Mansarovar,residential house,2.0,13000
32212311,Jawaharnagar,residential house,3.0,17000
35208291,Vaishali Nagar,residential house,2.0,12000
36688641,Ajmer Road,residential house,4.0,25000
39174337,Mansarovar Extension,builder floor apartment,3.0,12000
10294242,Mansarovar Colony,hostel,10.0,75000
31788559,Raja Park,apartment,4.0,28000
20661799,Sodala,residential house,2.0,7000
42750257,Malviya Nagar,residential house,1.0,8000
42701889,Murlipura,apartment,2.0,10000
16022216,Durgapura,builder floor apartment,2.0,13000
37272453,Pratap Nagar,builder floor apartment,3.0,13000
40419449,Mansarovar,residential house,2.0,12000
37845273,Vaishali Nagar,residential house,1.0,9500
41028271,Malviya Nagar,apartment,3.0,50000
10753987,Shyam Nagar,builder floor apartment,3.0,25000
34762685,Rani Sati Nagar,residential house,4.0,21000
28149947,Raja Park,hostel,2.0,7000
31516457,Vaishali Nagar,residential house,2.0,19000
41895181,Jagatpura,apartment,3.0,11000
42005667,Mansarovar,residential house,3.0,15000
41012537,Mansarovar,apartment,3.0,16000
33956065,Patrakar Colony,builder floor apartment,3.0,9000
41521779,Mansarovar,residential house,3.0,20000
32261779,Vaishali Nagar,apartment,3.0,16000
35497419,Murlipura,apartment,3.0,14000
41389975,Vaishali Nagar,residential house,3.0,15167
29268263,Shastrinagar,builder floor apartment,1.0,9000
42168807,Khatipura,residential house,2.0,8500
41511323,Ajmer Road,apartment,3.0,8000
39707937,Sez,apartment,2.0,6000
30437917,Vivek Vihar,apartment,3.0,12000
36810435,Raja Park,apartment,3.0,22000
41560373,Vaishali Nagar,apartment,3.0,13000
38004173,Ajmer Road,builder floor apartment,2.0,10000
29546785,Bani Park,builder floor apartment,2.0,22000
10508521,Vaishali Nagar,residential house,3.0,15000
40394993,Bapu Nagar,residential house,5.0,60000
40710723,Mansarovar Colony,residential house,2.0,12000
40916763,Bapu Nagar,apartment,3.0,40000
37763245,Jawaharnagar,villa,2.0,16000
41585849,Ajmer Road,residential house,2.0,8000
39395633,Model Town,residential house,3.0,15000
28418013,Durgapura,residential house,2.0,14000
40505035,Tilaknagar,apartment,3.0,24500
40980533,Malviya Nagar,residential house,2.0,15000
40784887,Jagatpura,apartment,3.0,10000
20944746,Vidyadhar Nagar,apartment,3.0,15000
41631343,Malviya Nagar,builder floor apartment,3.0,17000
41289867,Mansarovar,residential house,3.0,15000
29682965,Nandapuri Colony,residential house,2.0,9500
25539337,Janta Colony,residential house,1.0,9000
31786213,Mansarovar,residential house,2.0,15000
40578281,Mansarovar,residential house,2.0,12000
37102035,Jamnanagar,apartment,2.0,9000
14724872,Patrakar Colony,residential house,7.0,40000
28410531,Mansarovar,residential house,5.0,18000
40943197,Malviya Nagar,residential house,3.0,15500
36142655,Mansarovar,apartment,2.0,16500
33826721,Vinoba Vihar,residential house,2.0,12000
40098585,Mansarovar,residential house,1.0,5000
37651959,Raja Park,residential house,2.0,10000
26575941,Jhotwara,builder floor apartment,1.0,5500
42791229,Murlipura,residential house,1.0,6000
37664305,Malviya Nagar,apartment,3.0,12000
42771849,Tonk Road,apartment,2.0,6000
39394971,Jagatpura,residential house,2.0,10000
42819381,Mansarovar,apartment,2.0,12000
16852621,Jagatpura,apartment,2.0,10000
14615463,Mahesh Nagar,apartment,3.0,14000
42778057,Triveni,apartment,2.0,10500
32891291,Pratap Nagar,residential house,2.0,8000
42778001,Jagatpura,apartment,2.0,7500
40239095,Mansarovar,residential house,1.0,5000
20381999,Vidyadhar Nagar,residential house,2.0,7500
35298069,C-Scheme,apartment,4.0,60000
32451051,Shyam Nagar,builder floor apartment,3.0,17000
21177663,Malviya Nagar,hostel,2.0,7500
40209055,Nirman Nagar,apartment,4.0,35000
40180279,Adarsh Nagar,apartment,3.0,18000
41480865,Jaisingh Pura Khor,residential house,3.0,4000
11528891,Civil Lines,residential house,6.0,38000
26945261,Vaishali Nagar,apartment,3.0,18000
13929133,Malviya Nagar,residential house,2.0,15000
11491661,C-Scheme,residential house,10.0,300000
42242829,Jawaharnagar,residential house,3.0,12000
42041073,Ajmer Road,apartment,3.0,5000
33983265,Mansarovar,residential house,2.0,13500
42317613,Heerapura,residential house,2.0,7000
42856639,Ajmer Road,apartment,3.0,6000
14721108,Sanganer,builder floor apartment,3.0,10000
41865001,Nehrunagar,residential house,3.0,8500
42234845,Ajmer Road,villa,3.0,12000
16454265,Tonk Road,apartment,2.0,100000
35004097,Ajmer Road,apartment,3.0,8000
27923731,Ajmer Road,apartment,3.0,8000
41922295,Jaisinghpura,apartment,3.0,6200
22393735,Ajmer Road,residential house,2.0,15000
16129874,Ajmer Road,residential house,3.0,11000
41771527,Vatika Infotech City,apartment,3.0,10500
42624913,Shyam Nagar,apartment,3.0,20000
42415697,Gopal Pura By Pass,villa,10.0,6000
42320311,Mansarovar Extension,apartment,3.0,11000
11362547,Chitrakoot,apartment,2.0,25000
23114817,Panchyawala,builder floor apartment,3.0,11000
42183735,Jagatpura,apartment,3.0,10000
42912069,Malviya Nagar,apartment,3.0,12000
42921077,Mansarovar,residential house,3.0,5000
42869137,Jhotwara,residential house,1.0,4000
12159382,C-Scheme,residential house,10.0,350000
41908841,Ajmer Road,builder floor apartment,2.0,10000
13428037,Kalwar Road,residential house,3.0,10000
34247383,Omaxe City,builder floor apartment,2.0,5000
41058503,Moti Nagar,residential house,2.0,8000
14863672,Ajmer Road,apartment,3.0,6000
28034357,Mansarovar Colony,residential house,4.0,6000
27652773,Badanpura,residential house,2.0,8000
25338897,Vatika Road,builder floor apartment,3.0,6000
42298351,Pratap Nagar,builder floor apartment,4.0,5000
42852145,Bani Park,apartment,1.0,7000
42864143,Imli Phatak,apartment,3.0,7000
42227549,Kalwar Road,residential house,3.0,8000
42168933,Jagatpura,apartment,3.0,10000
42627189,Mansarovar Extension,apartment,3.0,5000
42054263,Khatipura,residential house,1.0,6000
19766396,New Sanganer Road,apartment,3.0,16000
27163887,Vaishali Nagar,apartment,2.0,12000
42334675,Bani Park,apartment,2.0,4500
41926747,Govindpura,residential house,1.0,4300
12546083,Vaishali Nagar,apartment,3.0,12000
40906771,Sodala,residential house,2.0,15000
41618801,Niwaru Road,residential house,3.0,7000
39425595,Ajmer Road,apartment,3.0,6700
24345299,Malviya Nagar,residential house,2.0,20000
41560927,Vatika Road,apartment,3.0,9500
38948659,Bani Park,apartment,4.0,25000
32962113,Vaishali Nagar,apartment,3.0,13000
34176065,Sirsi Road,builder floor apartment,2.0,4000
42098919,Indira Gandhi Nagar,residential house,2.0,7000
41739487,Chitrakoot,apartment,2.0,5000
17903849,Mansarovar Extension,apartment,3.0,12000
21299537,Ajmer Road,villa,1.0,6000
35479865,Jhotwara,residential house,2.0,6000
11294279,Jagatpura,apartment,3.0,7000
42355505,Mansarovar Extension,apartment,3.0,8000
26650085,Vaishali Nagar,residential house,2.0,8000
41700579,Mansarovar,residential house,1.0,5000
42008147,Pratap Nagar,apartment,2.0,6000
41934331,Devi Nagar,builder floor apartment,2.0,9000
42198187,Mansarovar Extension,apartment,2.0,7500
41215691,Bapu Nagar,residential house,2.0,12000
23064783,Malviya Nagar,residential house,1.0,7500
42372349,Lake City,apartment,2.0,5000
42347003,Bani Park,apartment,2.0,9000
41377893,Dadi Ka Phatak,residential house,1.0,5000
16628081,Jagatpura,apartment,3.0,6500
16184200,Pratap Nagar,apartment,3.0,10000
12630502,Hanuman Nagar,residential house,4.0,25000
42793185,Malviya Nagar,residential house,2.0,5000
41585899,Pratap Nagar,apartment,2.0,6000
36047231,Jagatpura,residential house,2.0,13500
20388973,Model Town,builder floor apartment,2.0,3500000
28349759,Jagatpura,residential house,3.0,15000
26504469,Mansarovar Extension,villa,3.0,1000
41217327,Jagatpura,residential house,1.0,5000
42532183,Tonk Road,residential house,2.0,10000
42515659,Jagatpura,apartment,2.0,15000
42849601,Mahadev Nagar,apartment,2.0,18000
42827917,Sitapura Industrial Area,apartment,2.0,6000
40264203,Civil Lines,residential house,2.0,20000
34952487,Mansarovar Extension,apartment,3.0,15000
42708579,Gandhi Path,builder floor apartment,3.0,14000
40528419,Vaishali Nagar,apartment,2.0,14000
42579905,Vaishali Nagar,residential house,3.0,40000
34735873,Vaishali Nagar,builder floor apartment,2.0,18000
41813639,Civil Lines,apartment,2.0,25000
42204285,Vaishali Nagar,residential house,1.0,13000
41606519,Janta Colony,residential house,3.0,35000
37781855,Gandhi Path,residential house,2.0,12000
42277667,Malviya Nagar,residential house,2.0,17000
40575121,Sez,apartment,2.0,11000
42868103,Tonk Road,apartment,3.0,20000
42502023,Ajmer Road,apartment,3.0,11000
40828971,Mansarovar,apartment,3.0,16000
40244715,Jagatpura,residential house,2.0,15000
42547273,Kalwar Road,residential house,3.0,10000
25742375,Greater Vidhyadhar Nagar,residential house,2.0,13000
42636985,Malpura Village,apartment,3.0,30000
42238203,C-Scheme,apartment,4.0,80000
42873345,Shyam Nagar,builder floor apartment,3.0,40000
31133605,Jagatpura,apartment,3.0,12200
39535803,Vaishali Nagar,apartment,3.0,24000
42902107,Vaishali Nagar,residential house,4.0,100000
42857073,Vaishali Nagar,builder floor apartment,3.0,25000
42754073,Durgapura,builder floor apartment,3.0,14000
42790135,Bani Park,apartment,3.0,30000
37439943,Vaishali Nagar,builder floor apartment,3.0,15000
37153939,Mansarovar Extension,apartment,1.0,10000
40709659,Civil Lines,residential house,7.0,120000
42907239,Ajmer Road,apartment,2.0,8000
42801257,Pratap Nagar,apartment,2.0,9000
24200255,C-Scheme,apartment,4.0,100000
26741375,Malviya Nagar,builder floor apartment,2.0,12000
23807073,Gopal Bari,residential house,1.0,6000
41879517,Malviya Nagar,residential house,1.0,13000
27615409,C-Scheme,apartment,4.0,75000
41009073,Jagatpura,apartment,3.0,20000
42635219,Vaishali Nagar,apartment,2.0,11990
38843643,Vivek Vihar,apartment,3.0,17000
37355063,Jagatpura,builder floor apartment,3.0,14000
41785667,Vidyadhar Nagar,builder floor apartment,3.0,16000
39696939,Mansarovar Extension,apartment,2.0,13000
35958647,Raja Park,builder floor apartment,1.0,10000
37147871,Vaishali Nagar,apartment,2.0,12500
33843885,Jagatpura,apartment,3.0,20000
42749989,Vaishali Nagar,apartment,2.0,20000
42275495,Shyam Nagar,builder floor apartment,3.0,15000
23584739,Bani Park,apartment,4.0,25000
41200203,Jagatpura,builder floor apartment,1.0,13000
42657453,Raja Park,builder floor apartment,2.0,22000
42883061,Civil Lines,apartment,4.0,45000
39701255,C-Scheme,apartment,4.0,50000
42462789,Jagatpura,builder floor apartment,2.0,14000
41993259,Jagatpura,apartment,2.0,17000
42710821,Sanganer,residential house,1.0,16000
34518153,Imli Phatak,apartment,2.0,14500
42825185,Bani Park,apartment,2.0,22000
31709169,Jagatpura,apartment,3.0,30000
42697807,Malviya Nagar,apartment,2.0,18000
42854129,Ajmer Road,apartment,3.0,26000
35182737,Mahaveer Nagar,builder floor apartment,2.0,11000
39490377,Nirman Nagar,apartment,3.0,25000
41912283,Bani Park,penthouse,2.0,20000
42420485,Vidyadhar Nagar,apartment,1.0,12500
41880897,Pratap Nagar,residential house,2.0,9500
42601607,Mansarovar Extension,apartment,3.0,45000
41466325,Malviya Nagar,apartment,3.0,21000
42421075,Mansarovar,residential house,3.0,25000
39844989,Jagatpura,apartment,3.0,16000
41894849,Chitrakoot,residential house,3.0,15000
40997431,Vaishali Nagar,apartment,5.0,36000
42755597,Adarsh Nagar,apartment,4.0,35000
40746367,Ajmer Road,apartment,2.0,12000
41244187,Chitrakoot,builder floor apartment,2.0,16000
37155187,Vaishali Nagar,apartment,2.0,15000
42268515,Vaishali Nagar,apartment,2.0,19000
30187713,Kalwar Road,villa,2.0,6000
30395955,Mansarovar,apartment,1.0,11000
42565791,Chitrakoot,builder floor apartment,3.0,18000
35186245,Vaishali Nagar,builder floor apartment,3.0,15000
34940083,Civil Lines,residential house,5.0,150000
42592311,Mansarovar,apartment,3.0,20000
42631705,Raja Park,builder floor apartment,3.0,22000
42266387,C-Scheme,apartment,1.0,15000
14467496,Mahaveer Nagar,residential house,6.0,60000
35082529,Nirman Nagar,villa,3.0,30000
19198063,Jagatpura,apartment,2.0,7990
42378841,Nirman Nagar,residential house,2.0,25000
25780439,Vaishali Nagar,residential house,4.0,25000
20565612,C-Scheme,builder floor apartment,2.0,32000
42816463,Civil Lines,residential house,9.0,150000
39062239,Malviya Nagar,residential house,2.0,11000
41929111,Malviya Nagar,builder floor apartment,3.0,20000
41332117,Malviya Nagar,builder floor apartment,1.0,15000
42891567,Civil Lines,residential house,2.0,24000
41719633,Jagatpura,apartment,3.0,24000
41914377,Bhankrota,apartment,2.0,10500
41695409,Lalarpura,apartment,4.0,28000
39846109,Jagatpura,apartment,3.0,18000
41942187,Sirsi Road,apartment,3.0,18000
42306911,Mansarovar,apartment,3.0,15500
42710281,Vaishali Nagar,apartment,3.0,24000
40517115,Vaishali Nagar,apartment,2.0,13000
42123459,Vaishali Nagar,apartment,3.0,22000
41813641,Civil Lines,apartment,2.0,25000
41893477,Maa Hinglaj Nagar,apartment,2.0,17000
40599441,Sez,apartment,3.0,13500
42878975,Model Town,apartment,1.0,13000
39046291,Vaishali Nagar,apartment,2.0,10000
42738341,Chitrakoot,builder floor apartment,3.0,14000
40527959,Vaishali Nagar,apartment,2.0,20000
42561555,Vaishali Nagar,residential house,3.0,55000
28620047,Civil Lines,apartment,2.0,25000
41760651,Vaishali Nagar,builder floor apartment,3.0,14000
38298673,Sez,apartment,2.0,9500
42867379,Siddharth Nagar,builder floor apartment,2.0,14000
39056061,Vaishali Nagar,builder floor apartment,2.0,17000
42739169,Chitrakoot,builder floor apartment,3.0,21000
40527415,Vaishali Nagar,apartment,3.0,18000
42563467,Vaishali Nagar,residential house,5.0,130000
40356637,Chitrakoot,builder floor apartment,3.0,15000
42119221,Malviya Nagar,villa,2.0,25000
39492597,Vaishali Nagar,apartment,3.0,38000
42774331,Vaishali Nagar,apartment,3.0,24000
40553335,Vaishali Nagar,builder floor apartment,3.0,15000
42117249,Vaishali Nagar,builder floor apartment,3.0,25000
35936335,Chitrakoot,builder floor apartment,3.0,13000
37885519,Jagatpura,apartment,3.0,25000
42619325,Sez,apartment,2.0,15000
42093587,Chitrakoot,apartment,3.0,17000
40527171,Vaishali Nagar,apartment,3.0,17000
42124363,Vaishali Nagar,apartment,2.0,17000
32457159,Chitrakoot,residential house,1.0,8000
40165369,Vaishali Nagar,apartment,3.0,22000
41945607,Nirman Nagar,builder floor apartment,3.0,19500
40528183,Vaishali Nagar,apartment,3.0,30000
42120481,Vaishali Nagar,residential house,3.0,40000
34891603,Chitrakoot,villa,3.0,25000
40763197,Vaishali Nagar,apartment,3.0,34000
41887691,Gandhi Path,apartment,1.0,12000
40527675,Vaishali Nagar,apartment,4.0,32000
42141875,Vaishali Nagar,builder floor apartment,3.0,15000
34661869,Vaishali Nagar,builder floor apartment,2.0,11000
40769181,Vaishali Nagar,builder floor apartment,2.0,13000
41674755,Chitrakoot,apartment,3.0,40000
40612867,Vaishali Nagar,builder floor apartment,2.0,11000
42174781,Vaishali Nagar,apartment,2.0,12500
34408347,Vidyut Nagar,builder floor apartment,1.0,9000
40755195,Sirsi Road,apartment,4.0,18000
42920019,Ajmer Road,apartment,3.0,27000
40553757,Vaishali Nagar,builder floor apartment,4.0,55000
42391659,Vaishali Nagar,apartment,2.0,15000
37391321,Gandhi Path,builder floor apartment,3.0,12000
41612045,Vaishali Nagar,apartment,3.0,23000
42917849,Vaishali Nagar,apartment,3.0,26000
40554243,Vaishali Nagar,builder floor apartment,3.0,20000
42565251,Vaishali Nagar,apartment,2.0,19500
37399225,Vaishali Nagar,builder floor apartment,2.0,10000
42631411,Gandhi Path,builder floor apartment,2.0,13000
42184515,Gandhi Path,builder floor apartment,2.0,11000
40528895,Vaishali Nagar,apartment,2.0,11000
42128393,Vaishali Nagar,apartment,2.0,13000
41612421,Vaishali Nagar,builder floor apartment,3.0,21000
39735089,Vaishali Nagar,builder floor apartment,2.0,15000
42317857,Chitrakoot,apartment,2.0,23000
40530003,Vaishali Nagar,builder floor apartment,2.0,15000
42177311,Vaishali Nagar,apartment,3.0,16000
41612647,Vaishali Nagar,residential house,3.0,25000
40114877,Sirsi Road,apartment,4.0,20000
41740773,Vaishali Nagar,builder floor apartment,3.0,15500
40530451,Vaishali Nagar,apartment,3.0,20000
42176793,Vaishali Nagar,apartment,3.0,15000
35247901,Chitrakoot,builder floor apartment,2.0,18000
40117663,Vaishali Nagar,apartment,2.0,30000
42335823,Gandhi Path,apartment,3.0,16500
40530909,Chitrakoot,builder floor apartment,2.0,15000
42783831,Vaishali Nagar,apartment,3.0,22000
33684051,Vaishali Nagar,residential house,2.0,10000
40165719,Vaishali Nagar,apartment,3.0,33000
42929061,Gandhi Path,builder floor apartment,3.0,10000
40529389,Vaishali Nagar,apartment,2.0,10000
42784089,Vaishali Nagar,apartment,3.0,24000
38839879,Vaishali Nagar,apartment,3.0,19000
42918211,Nirman Nagar,builder floor apartment,3.0,23000
40528583,Vaishali Nagar,apartment,3.0,18000
42784185,Vaishali Nagar,apartment,2.0,18000
38927609,Vaishali Nagar,apartment,3.0,30000
42919569,Gandhi Path,apartment,2.0,14000
40529123,Vaishali Nagar,apartment,3.0,13000
42784923,Vaishali Nagar,apartment,3.0,20000
39209789,Vaishali Nagar,apartment,3.0,20000
42919867,Ajmer Road,builder floor apartment,2.0,14000
42467171,Vaishali Nagar,apartment,4.0,30000
42804269,Vaishali Nagar,apartment,1.0,7500
40170157,Vaishali Nagar,apartment,3.0,25000
41380421,Gandhi Path,apartment,3.0,15000
42467307,Vaishali Nagar,apartment,5.0,35000
42734249,Vaishali Nagar,apartment,2.0,20000
40229779,Vaishali Nagar,apartment,3.0,23000
41131569,Gandhi Path,apartment,2.0,15000
42734733,Vaishali Nagar,apartment,2.0,12000
40230123,Vaishali Nagar,apartment,3.0,28000
41973287,Gandhi Path,apartment,3.0,23000
42735279,Vaishali Nagar,apartment,3.0,16000
40128959,Vaishali Nagar,builder floor apartment,2.0,15000
41093055,Gandhi Path,builder floor apartment,2.0,10500
42138159,Vaishali Nagar,apartment,3.0,24000
40773117,Vaishali Nagar,builder floor apartment,2.0,12000
42738849,Vaishali Nagar,apartment,3.0,25000
38846055,Vaishali Nagar,residential house,2.0,15000
